driver_symbol	opcode	opcode_value	direction	registered	request_encodable	response_decodable	oracle_case_id	owning_codec	blocker
XTRDMA_OP_QPC_CREATE	QPC_CREATE	0x00	REQUEST	1	1	0	qpc_create	rdma_hw_cmq_request_composer	-
XTRDMA_OP_QPC_CREATE	QPC_CREATE	0x00	RESPONSE	1	0	1	qpc_create_response	rdma_hw_cmq_completion_codec	-
XTRDMA_OP_QPC_MODIFY	QPC_MODIFY	0x01	REQUEST	1	1	0	qpc_modify_full	rdma_hw_cmq_request_composer	-
XTRDMA_OP_QPC_MODIFY	QPC_MODIFY	0x01	RESPONSE	1	0	1	qpc_modify_response	rdma_hw_cmq_completion_codec	-
XTRDMA_OP_QPC_DELETE	QPC_DELETE	0x02	REQUEST	1	1	0	qpc_delete	rdma_hw_cmq_request_composer	-
XTRDMA_OP_QPC_DELETE	QPC_DELETE	0x02	RESPONSE	1	0	1	qpc_delete_response	rdma_hw_cmq_completion_codec	-
XTRDMA_OP_QPC_QUERY	QPC_QUERY	0x03	REQUEST	1	1	0	qpc_query	rdma_hw_cmq_request_composer	-
XTRDMA_OP_QPC_QUERY	QPC_QUERY	0x03	RESPONSE	1	0	1	qpc_query_response	rdma_hw_cmq_completion_codec	-
XTRDMA_OP_KEY_ALLOC	KEY_ALLOC	0x04	REQUEST	1	1	0	key_alloc_pbl0	rdma_hw_cmq_request_composer	-
XTRDMA_OP_KEY_ALLOC	KEY_ALLOC	0x04	RESPONSE	1	0	1	key_alloc_response	rdma_hw_cmq_completion_codec	-
XTRDMA_OP_MR_REGISTER	MR_REGISTER	0x05	REQUEST	1	1	0	mr_register_pbl0	rdma_hw_cmq_request_composer	-
XTRDMA_OP_MR_REGISTER	MR_REGISTER	0x05	RESPONSE	1	0	1	mr_register_response	rdma_hw_cmq_completion_codec	-
XTRDMA_OP_MR_DEREGISTER	MR_DEREGISTER	0x06	REQUEST	1	1	0	mr_deregister	rdma_hw_cmq_request_composer	-
XTRDMA_OP_MR_DEREGISTER	MR_DEREGISTER	0x06	RESPONSE	1	0	1	mr_deregister_response	rdma_hw_cmq_completion_codec	-
XTRDMA_OP_MW_ALLOC	MW_ALLOC	0x07	REQUEST	1	1	0	mw_alloc	rdma_hw_cmq_field_codec	-
XTRDMA_OP_MW_ALLOC	MW_ALLOC	0x07	RESPONSE	1	0	1	mw_alloc_response	rdma_hw_cmq_completion_codec	-
XTRDMA_OP_MW_DEALLOC	MW_DEALLOC	0x08	REQUEST	1	1	0	mw_dealloc	rdma_hw_cmq_field_codec	-
XTRDMA_OP_MW_DEALLOC	MW_DEALLOC	0x08	RESPONSE	1	0	1	mw_dealloc_response	rdma_hw_cmq_completion_codec	-
XTRDMA_OP_KEY_QUERY	KEY_QUERY	0x09	REQUEST	1	1	0	key_query	rdma_hw_cmq_field_codec	-
XTRDMA_OP_KEY_QUERY	KEY_QUERY	0x09	RESPONSE	1	0	1	key_query_response	rdma_hw_cmq_completion_codec	-
XTRDMA_OP_OCC_FLUSH	OCC_FLUSH	0x0a	REQUEST	1	1	0	occ_flush_vf	rdma_hw_cmq_request_composer	-
XTRDMA_OP_OCC_FLUSH	OCC_FLUSH	0x0a	RESPONSE	1	0	1	occ_flush_response	rdma_hw_cmq_completion_codec	-
XTRDMA_OP_CQC_RESIZE	CQC_RESIZE	0x0b	REQUEST	1	1	0	cqc_resize	rdma_hw_cmq_field_codec	-
XTRDMA_OP_CQC_RESIZE	CQC_RESIZE	0x0b	RESPONSE	1	0	1	cqc_resize_response	rdma_hw_cmq_completion_codec	-
XTRDMA_OP_CQC_CREATE	CQC_CREATE	0x0c	REQUEST	1	1	0	cqc_create	rdma_hw_cmq_request_composer	-
XTRDMA_OP_CQC_CREATE	CQC_CREATE	0x0c	RESPONSE	1	0	1	cqc_create_response	rdma_hw_cmq_completion_codec	-
XTRDMA_OP_CQC_MODIFY	CQC_MODIFY	0x0d	REQUEST	1	1	0	cqc_modify	rdma_hw_cmq_field_codec	-
XTRDMA_OP_CQC_MODIFY	CQC_MODIFY	0x0d	RESPONSE	1	0	1	cqc_modify_response	rdma_hw_cmq_completion_codec	-
XTRDMA_OP_CQC_DELETE	CQC_DELETE	0x0e	REQUEST	1	1	0	cqc_delete	rdma_hw_cmq_request_composer	-
XTRDMA_OP_CQC_DELETE	CQC_DELETE	0x0e	RESPONSE	1	0	1	cqc_delete_response	rdma_hw_cmq_completion_codec	-
XTRDMA_OP_CQC_QUERY	CQC_QUERY	0x0f	REQUEST	1	1	0	cqc_query	rdma_hw_cmq_request_composer	-
XTRDMA_OP_CQC_QUERY	CQC_QUERY	0x0f	RESPONSE	1	0	1	cqc_query_response	rdma_hw_cmq_completion_codec	-
XTRDMA_OP_CEQC_CREATE	CEQC_CREATE	0x10	REQUEST	1	1	0	ceqc_create	rdma_hw_cmq_request_composer	-
XTRDMA_OP_CEQC_CREATE	CEQC_CREATE	0x10	RESPONSE	1	0	1	ceqc_create_response	rdma_hw_cmq_completion_codec	-
XTRDMA_OP_CEQC_MODIFY	CEQC_MODIFY	0x11	REQUEST	1	1	0	ceqc_modify	rdma_hw_cmq_field_codec	-
XTRDMA_OP_CEQC_MODIFY	CEQC_MODIFY	0x11	RESPONSE	1	0	1	ceqc_modify_response	rdma_hw_cmq_completion_codec	-
XTRDMA_OP_CEQC_DELETE	CEQC_DELETE	0x12	REQUEST	1	1	0	ceqc_delete	rdma_hw_cmq_request_composer	-
XTRDMA_OP_CEQC_DELETE	CEQC_DELETE	0x12	RESPONSE	1	0	1	ceqc_delete_response	rdma_hw_cmq_completion_codec	-
XTRDMA_OP_CEQC_QUERY	CEQC_QUERY	0x13	REQUEST	1	1	0	ceqc_query	rdma_hw_cmq_request_composer	-
XTRDMA_OP_CEQC_QUERY	CEQC_QUERY	0x13	RESPONSE	1	0	1	ceqc_query_response	rdma_hw_cmq_completion_codec	-
XTRDMA_OP_AEQC_CREATE	AEQC_CREATE	0x14	REQUEST	1	1	0	aeqc_create	rdma_hw_cmq_request_composer	-
XTRDMA_OP_AEQC_CREATE	AEQC_CREATE	0x14	RESPONSE	1	0	1	aeqc_create_response	rdma_hw_cmq_completion_codec	-
XTRDMA_OP_AEQC_MODIFY	AEQC_MODIFY	0x15	REQUEST	1	1	0	aeqc_modify	rdma_hw_cmq_field_codec	-
XTRDMA_OP_AEQC_MODIFY	AEQC_MODIFY	0x15	RESPONSE	1	0	1	aeqc_modify_response	rdma_hw_cmq_completion_codec	-
XTRDMA_OP_AEQC_DELETE	AEQC_DELETE	0x16	REQUEST	1	1	0	aeqc_delete	rdma_hw_cmq_request_composer	-
XTRDMA_OP_AEQC_DELETE	AEQC_DELETE	0x16	RESPONSE	1	0	1	aeqc_delete_response	rdma_hw_cmq_completion_codec	-
XTRDMA_OP_AEQC_QUERY	AEQC_QUERY	0x17	REQUEST	1	1	0	aeqc_query	rdma_hw_cmq_request_composer	-
XTRDMA_OP_AEQC_QUERY	AEQC_QUERY	0x17	RESPONSE	1	0	1	aeqc_query_response	rdma_hw_cmq_completion_codec	-
XTRDMA_OP_SD_UPDATE	SD_UPDATE	0x18	REQUEST	1	1	0	sd_update_sd2	rdma_hw_cmq_field_codec	-
XTRDMA_OP_SD_UPDATE	SD_UPDATE	0x18	RESPONSE	1	0	1	sd_update_response	rdma_hw_cmq_completion_codec	-
XTRDMA_OP_SD_QUERY	SD_QUERY	0x19	REQUEST	1	1	0	sd_query	rdma_hw_cmq_field_codec	-
XTRDMA_OP_SD_QUERY	SD_QUERY	0x19	RESPONSE	1	0	1	sd_query_response	rdma_hw_cmq_completion_codec	-
XTRDMA_OP_QP_FLUSH	QP_FLUSH	0x1a	REQUEST	1	0	0	-	rdma_hw_cmq_request_composer	DRIVER_NOT_DISPATCHED
XTRDMA_OP_QP_FLUSH	QP_FLUSH	0x1a	RESPONSE	1	0	1	qp_flush_response	rdma_hw_cmq_completion_codec	-
XTRDMA_OP_SRC_ADDR_UPDATE	SRC_ADDR_UPDATE	0x1b	REQUEST	1	1	0	src_addr_update	rdma_hw_cmq_field_codec	-
XTRDMA_OP_SRC_ADDR_UPDATE	SRC_ADDR_UPDATE	0x1b	RESPONSE	1	0	1	src_addr_update_response	rdma_hw_cmq_completion_codec	-
XTRDMA_OP_SRC_ADDR_QUERY	SRC_ADDR_QUERY	0x1c	REQUEST	1	1	0	src_addr_query	rdma_hw_cmq_field_codec	-
XTRDMA_OP_SRC_ADDR_QUERY	SRC_ADDR_QUERY	0x1c	RESPONSE	1	0	1	src_addr_query_response	rdma_hw_cmq_completion_codec	-
XTRDMA_OP_STAT_QUERY	STAT_QUERY	0x1d	REQUEST	1	1	0	stat_query	rdma_hw_cmq_field_codec	-
XTRDMA_OP_STAT_QUERY	STAT_QUERY	0x1d	RESPONSE	1	0	1	stat_query_response	rdma_hw_cmq_completion_codec	-
XTRDMA_OP_QPC_FORCE_DELETE	QPC_FORCE_DELETE	0x1e	REQUEST	1	1	0	qpc_force_delete	rdma_hw_cmq_field_codec	-
XTRDMA_OP_QPC_FORCE_DELETE	QPC_FORCE_DELETE	0x1e	RESPONSE	1	0	1	qpc_force_delete_response	rdma_hw_cmq_completion_codec	-
XTRDMA_OP_CQC_FORCE_DELETE	CQC_FORCE_DELETE	0x1f	REQUEST	1	1	0	cqc_force_delete	rdma_hw_cmq_field_codec	-
XTRDMA_OP_CQC_FORCE_DELETE	CQC_FORCE_DELETE	0x1f	RESPONSE	1	0	1	cqc_force_delete_response	rdma_hw_cmq_completion_codec	-
XTRDMA_OP_TQ_FLUSH	TQ_FLUSH	0x20	REQUEST	1	1	0	tq_flush	rdma_hw_cmq_request_composer	-
XTRDMA_OP_TQ_FLUSH	TQ_FLUSH	0x20	RESPONSE	1	0	1	tq_flush_response	rdma_hw_cmq_completion_codec	-
XTRDMA_OP_OCC_QPC	OCC_QPC	0x21	REQUEST	1	1	0	occ_qpc	rdma_hw_cmq_field_codec	-
XTRDMA_OP_OCC_QPC	OCC_QPC	0x21	RESPONSE	1	0	1	occ_qpc_response	rdma_hw_cmq_completion_codec	-
XTRDMA_OP_OCC_CQC	OCC_CQC	0x22	REQUEST	1	1	0	occ_cqc	rdma_hw_cmq_field_codec	-
XTRDMA_OP_OCC_CQC	OCC_CQC	0x22	RESPONSE	1	0	1	occ_cqc_response	rdma_hw_cmq_completion_codec	-
XTRDMA_OP_OCC_MRT	OCC_MRT	0x23	REQUEST	1	1	0	occ_mrt	rdma_hw_cmq_field_codec	-
XTRDMA_OP_OCC_MRT	OCC_MRT	0x23	RESPONSE	1	0	1	occ_mrt_response	rdma_hw_cmq_completion_codec	-
XTRDMA_OP_OCC_PBLE	OCC_PBLE	0x24	REQUEST	1	1	0	occ_pble	rdma_hw_cmq_field_codec	-
XTRDMA_OP_OCC_PBLE	OCC_PBLE	0x24	RESPONSE	1	0	1	occ_pble_response	rdma_hw_cmq_completion_codec	-
XTRDMA_OP_OCC_SQRQE	OCC_SQRQE	0x25	REQUEST	1	1	0	occ_sqrqe	rdma_hw_cmq_field_codec	-
XTRDMA_OP_OCC_SQRQE	OCC_SQRQE	0x25	RESPONSE	1	0	1	occ_sqrqe_response	rdma_hw_cmq_completion_codec	-
XTRDMA_OP_OCC_SGB	OCC_SGB	0x26	REQUEST	1	1	0	occ_sgb	rdma_hw_cmq_field_codec	-
XTRDMA_OP_OCC_SGB	OCC_SGB	0x26	RESPONSE	1	0	1	occ_sgb_response	rdma_hw_cmq_completion_codec	-
XTRDMA_OP_OCC_IRQE	OCC_IRQE	0x27	REQUEST	1	1	0	occ_irqe	rdma_hw_cmq_field_codec	-
XTRDMA_OP_OCC_IRQE	OCC_IRQE	0x27	RESPONSE	1	0	1	occ_irqe_response	rdma_hw_cmq_completion_codec	-
XTRDMA_OP_OCC_EIRQE	OCC_EIRQE	0x28	REQUEST	1	1	0	occ_eirqe	rdma_hw_cmq_field_codec	-
XTRDMA_OP_OCC_EIRQE	OCC_EIRQE	0x28	RESPONSE	1	0	1	occ_eirqe_response	rdma_hw_cmq_completion_codec	-
XTRDMA_OP_OCC_ORQE	OCC_ORQE	0x29	REQUEST	1	1	0	occ_orqe	rdma_hw_cmq_field_codec	-
XTRDMA_OP_OCC_ORQE	OCC_ORQE	0x29	RESPONSE	1	0	1	occ_orqe_response	rdma_hw_cmq_completion_codec	-
XTRDMA_OP_OCC_UAQE	OCC_UAQE	0x2a	REQUEST	1	1	0	occ_uaqe	rdma_hw_cmq_field_codec	-
XTRDMA_OP_OCC_UAQE	OCC_UAQE	0x2a	RESPONSE	1	0	1	occ_uaqe_response	rdma_hw_cmq_completion_codec	-
XTRDMA_OP_IDX_OCC_QPC	IDX_OCC_QPC	0x2b	REQUEST	1	1	0	idx_occ_qpc	rdma_hw_cmq_field_codec	-
XTRDMA_OP_IDX_OCC_QPC	IDX_OCC_QPC	0x2b	RESPONSE	1	0	1	idx_occ_qpc_response	rdma_hw_cmq_completion_codec	-
XTRDMA_OP_IDX_OCC_CQC	IDX_OCC_CQC	0x2c	REQUEST	1	1	0	idx_occ_cqc	rdma_hw_cmq_field_codec	-
XTRDMA_OP_IDX_OCC_CQC	IDX_OCC_CQC	0x2c	RESPONSE	1	0	1	idx_occ_cqc_response	rdma_hw_cmq_completion_codec	-
XTRDMA_OP_IDX_OCC_MRT	IDX_OCC_MRT	0x2d	REQUEST	1	1	0	idx_occ_mrt	rdma_hw_cmq_field_codec	-
XTRDMA_OP_IDX_OCC_MRT	IDX_OCC_MRT	0x2d	RESPONSE	1	0	1	idx_occ_mrt_response	rdma_hw_cmq_completion_codec	-
XTRDMA_OP_IDX_OCC_PBLE	IDX_OCC_PBLE	0x2e	REQUEST	1	1	0	idx_occ_pble	rdma_hw_cmq_field_codec	-
XTRDMA_OP_IDX_OCC_PBLE	IDX_OCC_PBLE	0x2e	RESPONSE	1	0	1	idx_occ_pble_response	rdma_hw_cmq_completion_codec	-
XTRDMA_OP_IDX_OCC_SQRQE	IDX_OCC_SQRQE	0x2f	REQUEST	1	1	0	idx_occ_sqrqe	rdma_hw_cmq_field_codec	-
XTRDMA_OP_IDX_OCC_SQRQE	IDX_OCC_SQRQE	0x2f	RESPONSE	1	0	1	idx_occ_sqrqe_response	rdma_hw_cmq_completion_codec	-
XTRDMA_OP_IDX_OCC_SGB	IDX_OCC_SGB	0x30	REQUEST	1	1	0	idx_occ_sgb	rdma_hw_cmq_field_codec	-
XTRDMA_OP_IDX_OCC_SGB	IDX_OCC_SGB	0x30	RESPONSE	1	0	1	idx_occ_sgb_response	rdma_hw_cmq_completion_codec	-
XTRDMA_OP_IDX_OCC_IRQE	IDX_OCC_IRQE	0x31	REQUEST	1	1	0	idx_occ_irqe	rdma_hw_cmq_field_codec	-
XTRDMA_OP_IDX_OCC_IRQE	IDX_OCC_IRQE	0x31	RESPONSE	1	0	1	idx_occ_irqe_response	rdma_hw_cmq_completion_codec	-
XTRDMA_OP_IDX_OCC_EIRQE	IDX_OCC_EIRQE	0x32	REQUEST	1	1	0	idx_occ_eirqe	rdma_hw_cmq_field_codec	-
XTRDMA_OP_IDX_OCC_EIRQE	IDX_OCC_EIRQE	0x32	RESPONSE	1	0	1	idx_occ_eirqe_response	rdma_hw_cmq_completion_codec	-
XTRDMA_OP_IDX_OCC_ORQE	IDX_OCC_ORQE	0x33	REQUEST	1	1	0	idx_occ_orqe	rdma_hw_cmq_field_codec	-
XTRDMA_OP_IDX_OCC_ORQE	IDX_OCC_ORQE	0x33	RESPONSE	1	0	1	idx_occ_orqe_response	rdma_hw_cmq_completion_codec	-
XTRDMA_OP_IDX_OCC_UAQE	IDX_OCC_UAQE	0x34	REQUEST	1	1	0	idx_occ_uaqe	rdma_hw_cmq_field_codec	-
XTRDMA_OP_IDX_OCC_UAQE	IDX_OCC_UAQE	0x34	RESPONSE	1	0	1	idx_occ_uaqe_response	rdma_hw_cmq_completion_codec	-
XTRDMA_OP_SRFQC_CREATE	SRFQC_CREATE	0x35	REQUEST	1	1	0	srfqc_create	rdma_hw_cmq_request_composer	-
XTRDMA_OP_SRFQC_CREATE	SRFQC_CREATE	0x35	RESPONSE	1	0	1	srfqc_create_response	rdma_hw_cmq_completion_codec	-
TRDMA_OP_SRFQC_MODIFY	SRFQC_MODIFY	0x36	REQUEST	1	1	0	srfqc_modify	rdma_hw_cmq_field_codec	-
TRDMA_OP_SRFQC_MODIFY	SRFQC_MODIFY	0x36	RESPONSE	1	0	1	srfqc_modify_response	rdma_hw_cmq_completion_codec	-
XTRDMA_OP_SRFQC_DELETE	SRFQC_DELETE	0x37	REQUEST	1	1	0	srfqc_delete	rdma_hw_cmq_request_composer	-
XTRDMA_OP_SRFQC_DELETE	SRFQC_DELETE	0x37	RESPONSE	1	0	1	srfqc_delete_response	rdma_hw_cmq_completion_codec	-
XTRDMA_OP_SRFQC_QUERY	SRFQC_QUERY	0x38	REQUEST	1	1	0	srfqc_query	rdma_hw_cmq_request_composer	-
XTRDMA_OP_SRFQC_QUERY	SRFQC_QUERY	0x38	RESPONSE	1	0	1	srfqc_query_response	rdma_hw_cmq_completion_codec	-
XTRDMA_OP_IFA_UPDATE	IFA_UPDATE	0x39	REQUEST	1	1	0	ifa_update	rdma_hw_cmq_field_codec	-
XTRDMA_OP_IFA_UPDATE	IFA_UPDATE	0x39	RESPONSE	1	0	1	ifa_update_response	rdma_hw_cmq_completion_codec	-
XTRDMA_OP_IFA_QUERY	IFA_QUERY	0x3a	REQUEST	1	1	0	ifa_query	rdma_hw_cmq_field_codec	-
XTRDMA_OP_IFA_QUERY	IFA_QUERY	0x3a	RESPONSE	1	0	1	ifa_query_response	rdma_hw_cmq_completion_codec	-
XTRDMA_OP_OCC_QPC_KICKOUT	OCC_QPC_KICKOUT	0x3b	REQUEST	1	1	0	occ_qpc_kickout	rdma_hw_cmq_field_codec	-
XTRDMA_OP_OCC_QPC_KICKOUT	OCC_QPC_KICKOUT	0x3b	RESPONSE	1	0	1	occ_qpc_kickout_response	rdma_hw_cmq_completion_codec	-
XTRDMA_OP_OCC_CQC_KICKOUT	OCC_CQC_KICKOUT	0x3c	REQUEST	1	1	0	occ_cqc_kickout	rdma_hw_cmq_field_codec	-
XTRDMA_OP_OCC_CQC_KICKOUT	OCC_CQC_KICKOUT	0x3c	RESPONSE	1	0	1	occ_cqc_kickout_response	rdma_hw_cmq_completion_codec	-
XTRDMA_OP_OCC_MRT_KICKOUT	OCC_MRT_KICKOUT	0x3d	REQUEST	1	1	0	occ_mrt_kickout	rdma_hw_cmq_field_codec	-
XTRDMA_OP_OCC_MRT_KICKOUT	OCC_MRT_KICKOUT	0x3d	RESPONSE	1	0	1	occ_mrt_kickout_response	rdma_hw_cmq_completion_codec	-
XTRDMA_OP_OCC_PBLE_KICKOUT	OCC_PBLE_KICKOUT	0x3e	REQUEST	1	1	0	occ_pble_kickout	rdma_hw_cmq_field_codec	-
XTRDMA_OP_OCC_PBLE_KICKOUT	OCC_PBLE_KICKOUT	0x3e	RESPONSE	1	0	1	occ_pble_kickout_response	rdma_hw_cmq_completion_codec	-
XTRDMA_OP_OCC_SQRQE_KICKOUT	OCC_SQRQE_KICKOUT	0x3f	REQUEST	1	1	0	occ_sqrqe_kickout	rdma_hw_cmq_field_codec	-
XTRDMA_OP_OCC_SQRQE_KICKOUT	OCC_SQRQE_KICKOUT	0x3f	RESPONSE	1	0	1	occ_sqrqe_kickout_response	rdma_hw_cmq_completion_codec	-
XTRDMA_OP_OCC_SGB_KICKOUT	OCC_SGB_KICKOUT	0x40	REQUEST	1	1	0	occ_sgb_kickout	rdma_hw_cmq_field_codec	-
XTRDMA_OP_OCC_SGB_KICKOUT	OCC_SGB_KICKOUT	0x40	RESPONSE	1	0	1	occ_sgb_kickout_response	rdma_hw_cmq_completion_codec	-
XTRDMA_OP_OCC_IRQE_KICKOUT	OCC_IRQE_KICKOUT	0x41	REQUEST	1	1	0	occ_irqe_kickout	rdma_hw_cmq_field_codec	-
XTRDMA_OP_OCC_IRQE_KICKOUT	OCC_IRQE_KICKOUT	0x41	RESPONSE	1	0	1	occ_irqe_kickout_response	rdma_hw_cmq_completion_codec	-
XTRDMA_OP_OCC_EIRQE_KICKOUT	OCC_EIRQE_KICKOUT	0x42	REQUEST	1	1	0	occ_eirqe_kickout	rdma_hw_cmq_field_codec	-
XTRDMA_OP_OCC_EIRQE_KICKOUT	OCC_EIRQE_KICKOUT	0x42	RESPONSE	1	0	1	occ_eirqe_kickout_response	rdma_hw_cmq_completion_codec	-
XTRDMA_OP_OCC_ORQE_KICKOUT	OCC_ORQE_KICKOUT	0x43	REQUEST	1	1	0	occ_orqe_kickout	rdma_hw_cmq_field_codec	-
XTRDMA_OP_OCC_ORQE_KICKOUT	OCC_ORQE_KICKOUT	0x43	RESPONSE	1	0	1	occ_orqe_kickout_response	rdma_hw_cmq_completion_codec	-
XTRDMA_OP_OCC_UAQE_KICKOUT	OCC_UAQE_KICKOUT	0x44	REQUEST	1	1	0	occ_uaqe_kickout	rdma_hw_cmq_field_codec	-
XTRDMA_OP_OCC_UAQE_KICKOUT	OCC_UAQE_KICKOUT	0x44	RESPONSE	1	0	1	occ_uaqe_kickout_response	rdma_hw_cmq_completion_codec	-
XTRDMA_OP_NOP	NOP	0x45	REQUEST	1	1	0	nop	rdma_hw_cmq_field_codec	-
XTRDMA_OP_NOP	NOP	0x45	RESPONSE	1	0	1	nop_response	rdma_hw_cmq_completion_codec	-
XTRDMA_OP_OCC_PD_SEARCH	OCC_PD_SEARCH	0x46	REQUEST	1	0	0	-	rdma_hw_cmq_request_composer	DRIVER_NOT_DISPATCHED
XTRDMA_OP_OCC_PD_SEARCH	OCC_PD_SEARCH	0x46	RESPONSE	1	0	0	-	rdma_hw_cmq_completion_codec	DRIVER_NOT_DISPATCHED
XTRDMA_OP_OCC_PD_IDX_SEARCH	OCC_PD_IDX_SEARCH	0x47	REQUEST	1	0	0	-	rdma_hw_cmq_request_composer	DRIVER_NOT_DISPATCHED
XTRDMA_OP_OCC_PD_IDX_SEARCH	OCC_PD_IDX_SEARCH	0x47	RESPONSE	1	0	0	-	rdma_hw_cmq_completion_codec	DRIVER_NOT_DISPATCHED
XTRDMA_OP_OCC_PD_KICKOUT	OCC_PD_KICKOUT	0x48	REQUEST	1	1	0	occ_pd_kickout	rdma_hw_cmq_field_codec	-
XTRDMA_OP_OCC_PD_KICKOUT	OCC_PD_KICKOUT	0x48	RESPONSE	1	0	1	occ_pd_kickout_response	rdma_hw_cmq_completion_codec	-
-	CMQ_SQ_DOORBELL	-	REQUEST	1	1	0	cmq_sq_doorbell	rdma_hw_cmq_hw_profile	-
