# Generated by tools/gen_cmq_request_fields.py from rdma-driver-0.1.34; do not edit.
opcodes	function	param	qword_byte	lsb	width	transform	macro
MW_ALLOC	xtrdma_sc_mw_alloc	mw_stag_key	24	56	8	value	XTRDMA_CQPSQ_MRT_INFO0_STAG_KEY
MW_ALLOC	xtrdma_sc_mw_alloc	pd_idx	16	24	16	value	XTRDMA_CQPSQ_MRT_INFO0_PD_IDX
MW_ALLOC	xtrdma_sc_mw_alloc	pld_vf_id	16	40	8	value	XTRDMA_CQPSQ_MRT_INFO0_PLD_VF_ID
MW_ALLOC	xtrdma_sc_mw_alloc	pld_vf_en	16	48	1	value	XTRDMA_CQPSQ_MRT_INFO0_PLD_VF_EN
MW_ALLOC	xtrdma_sc_mw_alloc	type	16	54	2	value	XTRDMA_CQPSQ_MRT_INFO0_TYPE
MW_ALLOC	xtrdma_sc_mw_alloc	invalidate_en	16	61	1	value	XTRDMA_CQPSQ_MRT_INFO0_INVALIDATE_EN
MW_ALLOC	xtrdma_sc_mw_alloc	states	16	62	2	value	XTRDMA_CQPSQ_MRT_INFO0_ST
MW_ALLOC	xtrdma_sc_mw_alloc	mw_stag_key	8	24	8	value	XTRDMA_CQPSQ_STAG_KEY
MW_ALLOC	xtrdma_sc_mw_alloc	mw_stag_index	0	0	24	value	XTRDMA_CQPSQ_STAG_IDX
MW_ALLOC	xtrdma_sc_mw_alloc	states	0	61	2	value	XTRDMA_CQPSQ_NXT_ST
MW_DEALLOC	xtrdma_sc_mw_dealloc	mw_stag_key	24	56	8	value	XTRDMA_CQPSQ_MRT_INFO0_STAG_KEY
MW_DEALLOC	xtrdma_sc_mw_dealloc	pd_idx	16	24	16	value	XTRDMA_CQPSQ_MRT_INFO0_PD_IDX
MW_DEALLOC	xtrdma_sc_mw_dealloc	pld_vf_id	16	40	8	value	XTRDMA_CQPSQ_MRT_INFO0_PLD_VF_ID
MW_DEALLOC	xtrdma_sc_mw_dealloc	pld_vf_en	16	48	1	value	XTRDMA_CQPSQ_MRT_INFO0_PLD_VF_EN
MW_DEALLOC	xtrdma_sc_mw_dealloc	states	16	62	2	value	XTRDMA_CQPSQ_MRT_INFO0_ST
MW_DEALLOC	xtrdma_sc_mw_dealloc	mw_stag_key	8	24	8	value	XTRDMA_CQPSQ_STAG_KEY
MW_DEALLOC	xtrdma_sc_mw_dealloc	mw_stag_index	0	0	24	value	XTRDMA_CQPSQ_STAG_IDX
MW_DEALLOC	xtrdma_sc_mw_dealloc	states	0	61	2	value	XTRDMA_CQPSQ_NXT_ST
KEY_QUERY	xtrdma_sc_query_key	stag_idx	0	0	24	value	XTRDMA_CQPSQ_STAG_IDX
CQC_RESIZE	xtrdma_sc_cq_resize	cq_size	16	59	5	value	XTRDMA_RESIZE_CQ_CMSQ_WQE_CQ_SIZE
CQC_RESIZE	xtrdma_sc_cq_resize	cq_om	16	54	2	value	XTRDMA_RESIZE_CQ_CMSQ_WQE_CQ_OM
CQC_RESIZE	xtrdma_sc_cq_resize	hw_load_cq_ci_threshold	16	51	3	value	XTRDMA_RESIZE_CQ_CMSQ_WQE_LOAD_CQ_CI_TH
CQC_RESIZE	xtrdma_sc_cq_resize	old_cq_ci_wrap	16	47	1	value	XTRDMA_RESIZE_CQ_CMSQ_WQE_OLD_CQ_CI_WRAP
CQC_RESIZE	xtrdma_sc_cq_resize	old_cq_ci	16	24	23	value	XTRDMA_RESIZE_CQ_CMSQ_WQE_OLD_CQ_CI
CQC_RESIZE	xtrdma_sc_cq_resize	cq_sd_or_pd_pba	8	12	52	value	XTRDMA_RESIZE_CQ_CMSQ_WQE_CQ_SD_OR_PD_PBA
CQC_RESIZE	xtrdma_sc_cq_resize	vf_host_id	0	24	4	value	XTRDMA_RESIZE_CQ_CMSQ_WQE_HOST_ID
CQC_RESIZE	xtrdma_sc_cq_resize	cqn	0	0	21	value	XTRDMA_RESIZE_CQ_CMSQ_WQE_CQN
CQC_MODIFY	xtrdma_sc_cq_modify	nxt_cq_st	0	61	2	value	XTRDMA_CMQSQ_WQE_CQC_WQE_NXT_CQ_ST
CQC_MODIFY	xtrdma_sc_cq_modify	urc_flag	0	60	1	value	XTRDMA_CMQSQ_WQE_CQC_WQE_URC_FLAG
CQC_MODIFY	xtrdma_sc_cq_modify	rq_size_factor	0	28	4	value	XTRDMA_CMQSQ_WQE_CQC_WQE_URC_RQ_SIZE
CQC_MODIFY	xtrdma_sc_cq_modify	sq_size_factor	0	24	4	value	XTRDMA_CMQSQ_WQE_CQC_WQE_URC_SQ_SIZE
CQC_MODIFY	xtrdma_sc_cq_modify	urc_sq_ceqe_flag	0	23	1	value	XTRDMA_CMQSQ_WQE_CQC_WQE_URC_SQ_CEQE_VLD
CQC_MODIFY	xtrdma_sc_cq_modify	urc_rq_ceqe_flag	0	22	1	value	XTRDMA_CMQSQ_WQE_CQC_WQE_URC_RQ_CEQE_VLD
CQC_MODIFY	xtrdma_sc_cq_modify	cqn	0	0	21	value	XTRDMA_CMQSQ_WQE_CQC_WQE_CQN
SD_UPDATE	xtrdma_sc_update_sd	sd_num	0	0	8	value	XTRDMA_CQPSQ_WQE_SD_NUM
SD_UPDATE	xtrdma_sc_update_sd	sd_data	32	0	256	bytes:32	MEMCPY
SD_UPDATE	xtrdma_sc_update_sd	sd_buf_addr	24	0	64	sd_extended	QWORD
SD_UPDATE	xtrdma_sc_update_sd		8	24	8	sd_signature	XTRDMA_CQPSQ_WQE_SD_SIGNATURE
SD_UPDATE	xtrdma_sc_update_sd		8	32	1	sd_sign_en	XTRDMA_CQPSQ_WQE_SD_SIGN_EN
SRC_ADDR_UPDATE	xtrdma_sc_update_src_addr_table	src_addr_idx	8	52	12	value	XTRDMA_CMQSQ_UPDATE_SRC_ADDR_IDX
SRC_ADDR_UPDATE	xtrdma_sc_update_src_addr_table		8	48	1	const:1	XTRDMA_CMQSQ_UPDATE_SRC_ADDR_VLD
SRC_ADDR_UPDATE	xtrdma_sc_update_src_addr_table	src_mac	8	0	48	mac48	XTRDMA_CMQSQ_UPDATE_SRC_ADDR_SMAC
SRC_ADDR_UPDATE	xtrdma_sc_update_src_addr_table	src_ip	16	0	128	bytes:16	MEMCPY
SRC_ADDR_QUERY	xtrdma_sc_query_src_addr_table	src_addr_idx	8	52	12	value	XTRDMA_CMQSQ_UPDATE_SRC_ADDR_IDX
SRC_ADDR_QUERY	xtrdma_sc_query_src_addr_table		8	48	1	const:1	XTRDMA_CMQSQ_UPDATE_SRC_ADDR_VLD
STAT_QUERY	xtrdma_sc_stat_query	buf_pa	24	0	64	value	XTRDMA_CMQSQ_WQE_STATA_BUF_ADDR
STAT_QUERY	xtrdma_sc_stat_query	query_type	0	61	2	value	XTRDMA_CMQSQ_WQE_QUERY_TYPE
STAT_QUERY	xtrdma_sc_stat_query	clear	0	16	1	value	XTRDMA_CMQSQ_WQE_CLEAR_SIGNATURE
STAT_QUERY	xtrdma_sc_stat_query	port_or_stat_id	0	0	8	value	XTRDMA_CMQSQ_WQE_PORT_OR_STAT_ID
OCC_QPC,OCC_CQC,OCC_MRT,OCC_PBLE,OCC_SQRQE,OCC_SGB,OCC_IRQE,OCC_EIRQE,OCC_ORQE,OCC_UAQE	xtrdma_sc_occ_key_search	buf_pa	24	0	64	value	XTRDMA_CMQSQ_WQE_OCC_BUF_ADDR
OCC_QPC,OCC_CQC,OCC_MRT,OCC_PBLE,OCC_SQRQE,OCC_SGB,OCC_IRQE,OCC_EIRQE,OCC_ORQE,OCC_UAQE	xtrdma_sc_occ_key_search	key	8	0	40	value	XTRDMA_CMQSQ_WQE_OCC_KEY
IDX_OCC_QPC,IDX_OCC_CQC,IDX_OCC_MRT,IDX_OCC_PBLE,IDX_OCC_SQRQE,IDX_OCC_SGB,IDX_OCC_IRQE,IDX_OCC_EIRQE,IDX_OCC_ORQE,IDX_OCC_UAQE	xtrdma_sc_occ_idx_search	buf_pa	24	0	64	value	XTRDMA_CMQSQ_WQE_OCC_BUF_ADDR
IDX_OCC_QPC,IDX_OCC_CQC,IDX_OCC_MRT,IDX_OCC_PBLE,IDX_OCC_SQRQE,IDX_OCC_SGB,IDX_OCC_IRQE,IDX_OCC_EIRQE,IDX_OCC_ORQE,IDX_OCC_UAQE	xtrdma_sc_occ_idx_search	start_idx	0	0	12	value	XTRDMA_CMQSQ_WQE_OCC_START_IDX
IDX_OCC_QPC,IDX_OCC_CQC,IDX_OCC_MRT,IDX_OCC_PBLE,IDX_OCC_SQRQE,IDX_OCC_SGB,IDX_OCC_IRQE,IDX_OCC_EIRQE,IDX_OCC_ORQE,IDX_OCC_UAQE	xtrdma_sc_occ_idx_search	num	0	16	8	minus_one	XTRDMA_CMQSQ_WQE_OCC_NUM
IFA_UPDATE	xtrdma_sc_update_ifa_info	data	8	0	64	value	QWORD
IFA_UPDATE	xtrdma_sc_update_ifa_info	obj_type	0	60	2	value	XTRDMA_CQPSQ_WQE_IFA_OBJ_TYPE
IFA_QUERY	xtrdma_sc_ifa_query	obj_type	0	60	2	value	XTRDMA_CMQSQ_WQE_IFA_OBJ_TYPE
OCC_QPC_KICKOUT,OCC_CQC_KICKOUT,OCC_MRT_KICKOUT,OCC_PBLE_KICKOUT,OCC_SQRQE_KICKOUT,OCC_SGB_KICKOUT,OCC_IRQE_KICKOUT,OCC_EIRQE_KICKOUT,OCC_ORQE_KICKOUT,OCC_UAQE_KICKOUT	xtrdma_sc_occ_key_kickout	key	8	0	40	value	XTRDMA_CMQSQ_WQE_OCC_KEY
OCC_PD_KICKOUT	xtrdma_sc_occ_pd_kickout	pd_pba	8	0	64	value	QWORD
CEQC_MODIFY	(none)		0	0	0	no_fill	-
AEQC_MODIFY	(none)		0	0	0	no_fill	-
SD_QUERY	(none)		0	0	0	no_fill	-
QPC_FORCE_DELETE	(none)		0	0	0	no_fill	-
CQC_FORCE_DELETE	(none)		0	0	0	no_fill	-
SRFQC_MODIFY	(none)		0	0	0	no_fill	-
NOP	(none)		0	0	0	no_fill	-
