dependency	approval	root_env	git_commit	snapshot_tree_sha256	include_dirs	input_kind	relative_path	sha256
host_mem	APPROVED	HOST_MEM_ROOT	3b9e000d5df4d10efbb3029f43605e0362e0caca	6f9f6c3cf9ea3a9b99086c0b91d74ce680389f75d2d8ef15d68fe9750e8c87da	src	DIRECT	src/host_mem_manager.sv	8dd5ca3ba3abcfae4808c8ea10c34ced279316bebdc04f6f8e0ae5e55e337a9d
host_mem	APPROVED	HOST_MEM_ROOT	3b9e000d5df4d10efbb3029f43605e0362e0caca	6f9f6c3cf9ea3a9b99086c0b91d74ce680389f75d2d8ef15d68fe9750e8c87da	src	DIRECT	src/host_mem_pkg.sv	d2ba57918a3b605525274433008142c80921b6205b0848c76bef8f1fc0d0bba5
net_packet	APPROVED	NET_PACKET_ROOT	6766c4f042484814548481065328ffbcffab590f	0bb2641d4c1e09505af9138d22e0cf4f9f191d36936000d72d74b68e666ce2d7	src;src/core;src/common;src/protocols	INCLUDE	src/common/packet_defines.sv	f8b3cdcb668c1462141b98e3fa76aa5b03281cb433c3b191a51cadb51f1ab001
net_packet	APPROVED	NET_PACKET_ROOT	6766c4f042484814548481065328ffbcffab590f	0bb2641d4c1e09505af9138d22e0cf4f9f191d36936000d72d74b68e666ce2d7	src;src/core;src/common;src/protocols	INCLUDE	src/common/packet_utils.sv	89ef86e6782233380a9854c656f797891fd14d0f4e8e433beee02828bd380fb5
net_packet	APPROVED	NET_PACKET_ROOT	6766c4f042484814548481065328ffbcffab590f	0bb2641d4c1e09505af9138d22e0cf4f9f191d36936000d72d74b68e666ce2d7	src;src/core;src/common;src/protocols	DIRECT	src/core/packet.sv	1ded8ff5ca49d4dc2906a9c701b7dc93e23e1a802d576bb43f60be8b733e83c8
net_packet	APPROVED	NET_PACKET_ROOT	6766c4f042484814548481065328ffbcffab590f	0bb2641d4c1e09505af9138d22e0cf4f9f191d36936000d72d74b68e666ce2d7	src;src/core;src/common;src/protocols	INCLUDE	src/core/protocol_graph.sv	a228ea5240aa84d608b1376ee9e2a6633e5dd889b34d79f87c20acacb95cba40
net_packet	APPROVED	NET_PACKET_ROOT	6766c4f042484814548481065328ffbcffab590f	0bb2641d4c1e09505af9138d22e0cf4f9f191d36936000d72d74b68e666ce2d7	src;src/core;src/common;src/protocols	INCLUDE	src/core/template_registry.sv	86e61339ed9706d245ba43494951ff7fe7682084881578bb704aed3775835e17
net_packet	APPROVED	NET_PACKET_ROOT	6766c4f042484814548481065328ffbcffab590f	0bb2641d4c1e09505af9138d22e0cf4f9f191d36936000d72d74b68e666ce2d7	src;src/core;src/common;src/protocols	INCLUDE	src/protocols/app/ptp_header.sv	7fe28e239936337d06f25a7fdf189ea8fa139cf6a0a36f87f409f9fb23101126
net_packet	APPROVED	NET_PACKET_ROOT	6766c4f042484814548481065328ffbcffab590f	0bb2641d4c1e09505af9138d22e0cf4f9f191d36936000d72d74b68e666ce2d7	src;src/core;src/common;src/protocols	INCLUDE	src/protocols/l2/eth_header.sv	4c8b874828571b033793d52beafa509332c576db476fa63ec5bf8d4e95cd7a6e
net_packet	APPROVED	NET_PACKET_ROOT	6766c4f042484814548481065328ffbcffab590f	0bb2641d4c1e09505af9138d22e0cf4f9f191d36936000d72d74b68e666ce2d7	src;src/core;src/common;src/protocols	INCLUDE	src/protocols/l2/lacp_header.sv	95977ca6129cd776d4d4bb67d8d2f7e69eebf3de97b6d7cacbaff416cce2d9cd
net_packet	APPROVED	NET_PACKET_ROOT	6766c4f042484814548481065328ffbcffab590f	0bb2641d4c1e09505af9138d22e0cf4f9f191d36936000d72d74b68e666ce2d7	src;src/core;src/common;src/protocols	INCLUDE	src/protocols/l2/lldp_header.sv	e7d357e45a398e11e69afb882890b9ab869f8a4291ae27c011a52b1c2423a2e8
net_packet	APPROVED	NET_PACKET_ROOT	6766c4f042484814548481065328ffbcffab590f	0bb2641d4c1e09505af9138d22e0cf4f9f191d36936000d72d74b68e666ce2d7	src;src/core;src/common;src/protocols	INCLUDE	src/protocols/l2/mac_control_header.sv	550c8248e134df2ca16ad38c7d75e85920e87a062f99e969339fe61c541c85d2
net_packet	APPROVED	NET_PACKET_ROOT	6766c4f042484814548481065328ffbcffab590f	0bb2641d4c1e09505af9138d22e0cf4f9f191d36936000d72d74b68e666ce2d7	src;src/core;src/common;src/protocols	INCLUDE	src/protocols/l2/mpls_header.sv	187ae2bd4212d07b107687be5751fa48666d669ef329c3d6284499fa40873716
net_packet	APPROVED	NET_PACKET_ROOT	6766c4f042484814548481065328ffbcffab590f	0bb2641d4c1e09505af9138d22e0cf4f9f191d36936000d72d74b68e666ce2d7	src;src/core;src/common;src/protocols	INCLUDE	src/protocols/l2/stp_header.sv	538252929c82d9a3a5fc34ed9b719e1c89ce6e8233ceb0129f0f6647a7c35ee4
net_packet	APPROVED	NET_PACKET_ROOT	6766c4f042484814548481065328ffbcffab590f	0bb2641d4c1e09505af9138d22e0cf4f9f191d36936000d72d74b68e666ce2d7	src;src/core;src/common;src/protocols	INCLUDE	src/protocols/l2/vlan_header.sv	79e84a1f034ec77bc7303ed0e8940c4cb1b081d6e4b3ca1030b88c0980ce06c4
net_packet	APPROVED	NET_PACKET_ROOT	6766c4f042484814548481065328ffbcffab590f	0bb2641d4c1e09505af9138d22e0cf4f9f191d36936000d72d74b68e666ce2d7	src;src/core;src/common;src/protocols	INCLUDE	src/protocols/l3/arp_header.sv	0f8b8e1f828761be84ac265b28f08a3ad4a6517cbdae59f82e0887acd8161b3e
net_packet	APPROVED	NET_PACKET_ROOT	6766c4f042484814548481065328ffbcffab590f	0bb2641d4c1e09505af9138d22e0cf4f9f191d36936000d72d74b68e666ce2d7	src;src/core;src/common;src/protocols	INCLUDE	src/protocols/l3/ipv4_header.sv	40309b4ff9eb8490aa2ae546b06393df816c26bcbee2fd75d1946ea93d22813e
net_packet	APPROVED	NET_PACKET_ROOT	6766c4f042484814548481065328ffbcffab590f	0bb2641d4c1e09505af9138d22e0cf4f9f191d36936000d72d74b68e666ce2d7	src;src/core;src/common;src/protocols	INCLUDE	src/protocols/l3/ipv6_ext_header.sv	6a8a0f44b88b8d009a39d7653783fc80a56bcb055e5bd61d44b539fdd07ea0b2
net_packet	APPROVED	NET_PACKET_ROOT	6766c4f042484814548481065328ffbcffab590f	0bb2641d4c1e09505af9138d22e0cf4f9f191d36936000d72d74b68e666ce2d7	src;src/core;src/common;src/protocols	INCLUDE	src/protocols/l3/ipv6_header.sv	db005c0f6511fdad77b59995dca782ac860e87ecaee99b0d9467a82e50d32f84
dpu_common	APPROVED	DPU_COMMON_ROOT	4d739965eb47d90b47cc048fc71fd8d7d76a77ca	c3ba69ebf4b75527a5988339f88ea6aa108b3b929f9675b93a8d1eaec9835217	src	INCLUDE	src/dpu_config_orchestrator.sv	a5d700a92e75204c8b3560fdce9f3fb3ab4870fe082447083635eb357070201e
dpu_common	APPROVED	DPU_COMMON_ROOT	4d739965eb47d90b47cc048fc71fd8d7d76a77ca	c3ba69ebf4b75527a5988339f88ea6aa108b3b929f9675b93a8d1eaec9835217	src	INCLUDE	src/dpu_configuration_resolver.sv	c48c178d62ba321b91f539fbfebe4a833a34a9616701da16fccce007af38bf23
dpu_common	APPROVED	DPU_COMMON_ROOT	4d739965eb47d90b47cc048fc71fd8d7d76a77ca	c3ba69ebf4b75527a5988339f88ea6aa108b3b929f9675b93a8d1eaec9835217	src	INCLUDE	src/dpu_device_bootstrap_plan_builder.sv	3ceb6fb782d5d48dfef164f1216b1d544c361aa532d17786954ac9c635fea47b
dpu_common	APPROVED	DPU_COMMON_ROOT	4d739965eb47d90b47cc048fc71fd8d7d76a77ca	c3ba69ebf4b75527a5988339f88ea6aa108b3b929f9675b93a8d1eaec9835217	src	INCLUDE	src/dpu_device_cfg.sv	913f3a042619f0207acbec79923b35294f0366a71849721bed3d0f6b11da96fc
dpu_common	APPROVED	DPU_COMMON_ROOT	4d739965eb47d90b47cc048fc71fd8d7d76a77ca	c3ba69ebf4b75527a5988339f88ea6aa108b3b929f9675b93a8d1eaec9835217	src	INCLUDE	src/dpu_device_env.sv	23fbf5790d62d9a981738dc58cb9495061ec796e9ddaa5dea82d233551df192d
dpu_common	APPROVED	DPU_COMMON_ROOT	4d739965eb47d90b47cc048fc71fd8d7d76a77ca	c3ba69ebf4b75527a5988339f88ea6aa108b3b929f9675b93a8d1eaec9835217	src	INCLUDE	src/dpu_device_resolver.sv	08b65707f758ad67208f80953b1cbbf72c402e25f3fd608fc2f51f408ee27b28
dpu_common	APPROVED	DPU_COMMON_ROOT	4d739965eb47d90b47cc048fc71fd8d7d76a77ca	c3ba69ebf4b75527a5988339f88ea6aa108b3b929f9675b93a8d1eaec9835217	src	INCLUDE	src/dpu_device_snapshot.sv	780fdf9789ff105eb54141f7fd2775e1d4419ba1bc3eb974203fced54d1d4c58
dpu_common	APPROVED	DPU_COMMON_ROOT	4d739965eb47d90b47cc048fc71fd8d7d76a77ca	c3ba69ebf4b75527a5988339f88ea6aa108b3b929f9675b93a8d1eaec9835217	src	INCLUDE	src/dpu_device_types.sv	848e5ee9616ecf7befd9d097b78a550c6bfab416b791b019e42e2ca2d06db9e3
dpu_common	APPROVED	DPU_COMMON_ROOT	4d739965eb47d90b47cc048fc71fd8d7d76a77ca	c3ba69ebf4b75527a5988339f88ea6aa108b3b929f9675b93a8d1eaec9835217	src	INCLUDE	src/dpu_dut_caps.sv	a972838e2b9aa294bd0a97e22efe69cf36377974228bae25c2f6bf5734dc6887
dpu_common	APPROVED	DPU_COMMON_ROOT	4d739965eb47d90b47cc048fc71fd8d7d76a77ca	c3ba69ebf4b75527a5988339f88ea6aa108b3b929f9675b93a8d1eaec9835217	src	INCLUDE	src/dpu_execution_report.sv	b385ed089112c0aa72a73cb4fa81fbbb74ef7e28dbf2d31d77bfa0fac08bf995
dpu_common	APPROVED	DPU_COMMON_ROOT	4d739965eb47d90b47cc048fc71fd8d7d76a77ca	c3ba69ebf4b75527a5988339f88ea6aa108b3b929f9675b93a8d1eaec9835217	src	INCLUDE	src/dpu_normalized_placement_plan.sv	d06d35cd054d6f2d08fbd56cf569c013048354ec41f04cd293a5c0253dde09a1
dpu_common	APPROVED	DPU_COMMON_ROOT	4d739965eb47d90b47cc048fc71fd8d7d76a77ca	c3ba69ebf4b75527a5988339f88ea6aa108b3b929f9675b93a8d1eaec9835217	src	INCLUDE	src/dpu_pcie_reg_executor.sv	2912eff319f70b2fddc8cae4e0d5d6faec2f0ab87191ad2e5299bebcc1e16606
dpu_common	APPROVED	DPU_COMMON_ROOT	4d739965eb47d90b47cc048fc71fd8d7d76a77ca	c3ba69ebf4b75527a5988339f88ea6aa108b3b929f9675b93a8d1eaec9835217	src	INCLUDE	src/dpu_placement_cfg.sv	78f6c485c06b4b729ff027df176db276d85e2e6088174dc043944e9e9372f35c
dpu_common	APPROVED	DPU_COMMON_ROOT	4d739965eb47d90b47cc048fc71fd8d7d76a77ca	c3ba69ebf4b75527a5988339f88ea6aa108b3b929f9675b93a8d1eaec9835217	src	INCLUDE	src/dpu_placement_normalizer.sv	8dc64d7c8c4439c7a76a9cd81808dfa180d9cb2c277621eb0f4f0669c14608bf
dpu_common	APPROVED	DPU_COMMON_ROOT	4d739965eb47d90b47cc048fc71fd8d7d76a77ca	c3ba69ebf4b75527a5988339f88ea6aa108b3b929f9675b93a8d1eaec9835217	src	INCLUDE	src/dpu_placement_types.sv	7e1dea19ae43fee660377fbed6e2f4f2b917797bfc32894bef738d83dd98a8e0
dpu_common	APPROVED	DPU_COMMON_ROOT	4d739965eb47d90b47cc048fc71fd8d7d76a77ca	c3ba69ebf4b75527a5988339f88ea6aa108b3b929f9675b93a8d1eaec9835217	src	INCLUDE	src/dpu_reg_executor.sv	b2f1b942d28e8f6209c67c44951fa4f2ec715b0039442b3d779989e8942d82f1
dpu_common	APPROVED	DPU_COMMON_ROOT	4d739965eb47d90b47cc048fc71fd8d7d76a77ca	c3ba69ebf4b75527a5988339f88ea6aa108b3b929f9675b93a8d1eaec9835217	src	INCLUDE	src/dpu_reg_op.sv	3069716d87ceeab1ddc03f2b49594c80ed6650c1e06374e4ccb9ad111467dafd
dpu_common	APPROVED	DPU_COMMON_ROOT	4d739965eb47d90b47cc048fc71fd8d7d76a77ca	c3ba69ebf4b75527a5988339f88ea6aa108b3b929f9675b93a8d1eaec9835217	src	INCLUDE	src/dpu_reg_plan.sv	b3421fad39c592ad7017904ca6a72997dfc121f5bce39589b9e775f825fcbfab
dpu_common	APPROVED	DPU_COMMON_ROOT	4d739965eb47d90b47cc048fc71fd8d7d76a77ca	c3ba69ebf4b75527a5988339f88ea6aa108b3b929f9675b93a8d1eaec9835217	src	INCLUDE	src/dpu_reg_plan_types.sv	23c1acf7b7cf9693e40b770b40108bf6fa593e079b9f4247e100f79f3bad8e9f
dpu_common	APPROVED	DPU_COMMON_ROOT	4d739965eb47d90b47cc048fc71fd8d7d76a77ca	c3ba69ebf4b75527a5988339f88ea6aa108b3b929f9675b93a8d1eaec9835217	src	INCLUDE	src/dpu_resource_manager.sv	01d6d241e21faa75f1464c4c28cf45b8341e75be3284d8f85ee0c3066bbb74d2
dpu_common	APPROVED	DPU_COMMON_ROOT	4d739965eb47d90b47cc048fc71fd8d7d76a77ca	c3ba69ebf4b75527a5988339f88ea6aa108b3b929f9675b93a8d1eaec9835217	src	DIRECT	src/dpu_resource_pkg.sv	a2b4d8baf8bd0163b09797c8e793b0bcfc714a04bc521f02a6da41d3b502ae02
dpu_common	APPROVED	DPU_COMMON_ROOT	4d739965eb47d90b47cc048fc71fd8d7d76a77ca	c3ba69ebf4b75527a5988339f88ea6aa108b3b929f9675b93a8d1eaec9835217	src	INCLUDE	src/dpu_resource_resolver.sv	bc14b54ae2c9d490a534889d17200c4af4b10c0fc833ffc77d88819769720eee
dpu_common	APPROVED	DPU_COMMON_ROOT	4d739965eb47d90b47cc048fc71fd8d7d76a77ca	c3ba69ebf4b75527a5988339f88ea6aa108b3b929f9675b93a8d1eaec9835217	src	INCLUDE	src/dpu_resource_snapshot.sv	4c72103dfa9d01eaed04757099313f133558ed9b06b045bd8f5826d1eb3eee75
dpu_common	APPROVED	DPU_COMMON_ROOT	4d739965eb47d90b47cc048fc71fd8d7d76a77ca	c3ba69ebf4b75527a5988339f88ea6aa108b3b929f9675b93a8d1eaec9835217	src	INCLUDE	src/dpu_resource_types.sv	114c1f7412a8332e52dc110b88a86c8db3780c2f4c19019e9521339db4f70ff0
dpu_common	APPROVED	DPU_COMMON_ROOT	4d739965eb47d90b47cc048fc71fd8d7d76a77ca	c3ba69ebf4b75527a5988339f88ea6aa108b3b929f9675b93a8d1eaec9835217	src	INCLUDE	src/dpu_spy_reg_executor.sv	83a6ae61f892ee2fe744d991f9d4d136f79f3c68c5d9e20f0e345852cfc299d9
dpu_common	APPROVED	DPU_COMMON_ROOT	4d739965eb47d90b47cc048fc71fd8d7d76a77ca	c3ba69ebf4b75527a5988339f88ea6aa108b3b929f9675b93a8d1eaec9835217	src	INCLUDE	src/dpu_vio_dataplane_plan_extension.sv	498ceaee58c33275cb3a1eae48c1ee544ca34297fa416a3b076a0755380e98d5
dpu_common	APPROVED	DPU_COMMON_ROOT	4d739965eb47d90b47cc048fc71fd8d7d76a77ca	c3ba69ebf4b75527a5988339f88ea6aa108b3b929f9675b93a8d1eaec9835217	src	INCLUDE	src/dpu_vio_qsch_topology.sv	4a1270e10318b9df86283574e1a18e6499fef910dc32cab8ea7997cedd340f3c
dpu_common	APPROVED	DPU_COMMON_ROOT	4d739965eb47d90b47cc048fc71fd8d7d76a77ca	c3ba69ebf4b75527a5988339f88ea6aa108b3b929f9675b93a8d1eaec9835217	src	INCLUDE	src/dpu_vio_reg_plan_types.sv	4be555f06a36075ae66268c00e9a8481a873d89d6a333912a0038321c1e46b39
dpu_common	APPROVED	DPU_COMMON_ROOT	4d739965eb47d90b47cc048fc71fd8d7d76a77ca	c3ba69ebf4b75527a5988339f88ea6aa108b3b929f9675b93a8d1eaec9835217	src	INCLUDE	src/dpu_vio_register_plan_builder.sv	afe2397baeed6f9c6f3a1bf4070033f6d30ef973e0abe1582fc42a44c2772b5a
pcie_work	UNAPPROVED	PCIE_WORK_ROOT	-	-	pcie_tl_vip/src;pcie_tl_vip/src/types;pcie_tl_vip/src/shared;pcie_tl_vip/src/agent;pcie_tl_vip/src/env;pcie_tl_vip/src/adapter;pcie_tl_vip/src/topology;pcie_tl_vip/src/switch;pcie_tl_vip/src/seq/base;pcie_tl_vip/src/seq/constraints;pcie_tl_vip/src/seq/scenario;pcie_tl_vip/src/seq/virtual	DIRECT	pcie_tl_vip/src/pcie_tl_if.sv	-
pcie_work	UNAPPROVED	PCIE_WORK_ROOT	-	-	pcie_tl_vip/src;pcie_tl_vip/src/types;pcie_tl_vip/src/shared;pcie_tl_vip/src/agent;pcie_tl_vip/src/env;pcie_tl_vip/src/adapter;pcie_tl_vip/src/topology;pcie_tl_vip/src/switch;pcie_tl_vip/src/seq/base;pcie_tl_vip/src/seq/constraints;pcie_tl_vip/src/seq/scenario;pcie_tl_vip/src/seq/virtual	DIRECT	pcie_tl_vip/src/shared/pcie_tl_bdf_utils_pkg.sv	-
pcie_work	UNAPPROVED	PCIE_WORK_ROOT	-	-	pcie_tl_vip/src;pcie_tl_vip/src/types;pcie_tl_vip/src/shared;pcie_tl_vip/src/agent;pcie_tl_vip/src/env;pcie_tl_vip/src/adapter;pcie_tl_vip/src/topology;pcie_tl_vip/src/switch;pcie_tl_vip/src/seq/base;pcie_tl_vip/src/seq/constraints;pcie_tl_vip/src/seq/scenario;pcie_tl_vip/src/seq/virtual	DIRECT	pcie_tl_vip/src/shared/pcie_tl_device_profile_pkg.sv	-
pcie_work	UNAPPROVED	PCIE_WORK_ROOT	-	-	pcie_tl_vip/src;pcie_tl_vip/src/types;pcie_tl_vip/src/shared;pcie_tl_vip/src/agent;pcie_tl_vip/src/env;pcie_tl_vip/src/adapter;pcie_tl_vip/src/topology;pcie_tl_vip/src/switch;pcie_tl_vip/src/seq/base;pcie_tl_vip/src/seq/constraints;pcie_tl_vip/src/seq/scenario;pcie_tl_vip/src/seq/virtual	DIRECT	pcie_tl_vip/src/topology/pcie_topology_pkg.sv	-
pcie_work	UNAPPROVED	PCIE_WORK_ROOT	-	-	pcie_tl_vip/src;pcie_tl_vip/src/types;pcie_tl_vip/src/shared;pcie_tl_vip/src/agent;pcie_tl_vip/src/env;pcie_tl_vip/src/adapter;pcie_tl_vip/src/topology;pcie_tl_vip/src/switch;pcie_tl_vip/src/seq/base;pcie_tl_vip/src/seq/constraints;pcie_tl_vip/src/seq/scenario;pcie_tl_vip/src/seq/virtual	DIRECT	pcie_tl_vip/src/pcie_tl_pkg.sv	-
net_packet	APPROVED	NET_PACKET_ROOT	6766c4f042484814548481065328ffbcffab590f	0bb2641d4c1e09505af9138d22e0cf4f9f191d36936000d72d74b68e666ce2d7	src;src/core;src/common;src/protocols	INCLUDE	src/protocols/l4/bfd_header.sv	aa2c28f5e114e266e8acc2303c832f0abaead5ec35fff1084d2a42d2f2359737
net_packet	APPROVED	NET_PACKET_ROOT	6766c4f042484814548481065328ffbcffab590f	0bb2641d4c1e09505af9138d22e0cf4f9f191d36936000d72d74b68e666ce2d7	src;src/core;src/common;src/protocols	INCLUDE	src/protocols/l4/dhcp_header.sv	703e4d13b95a032c9fe7a49b6fdc363a3d432695e8b2ec1912ca7a6666ccc7c7
net_packet	APPROVED	NET_PACKET_ROOT	6766c4f042484814548481065328ffbcffab590f	0bb2641d4c1e09505af9138d22e0cf4f9f191d36936000d72d74b68e666ce2d7	src;src/core;src/common;src/protocols	INCLUDE	src/protocols/l4/dhcpv6_header.sv	e35e959466aa9c1f3a69bad7c4365a16caf06e4e9856b1ef8ded49d00b5efffb
net_packet	APPROVED	NET_PACKET_ROOT	6766c4f042484814548481065328ffbcffab590f	0bb2641d4c1e09505af9138d22e0cf4f9f191d36936000d72d74b68e666ce2d7	src;src/core;src/common;src/protocols	INCLUDE	src/protocols/l4/dns_header.sv	6739dd788510c6386f4e05dcabf0ba4b0a754dab52fc9166cf5fda0869824878
net_packet	APPROVED	NET_PACKET_ROOT	6766c4f042484814548481065328ffbcffab590f	0bb2641d4c1e09505af9138d22e0cf4f9f191d36936000d72d74b68e666ce2d7	src;src/core;src/common;src/protocols	INCLUDE	src/protocols/l4/icmp_header.sv	affe32f59ef32dbf5a42ec8bffd355dc93f36eedf8f07c0f18041c09b80d85f6
net_packet	APPROVED	NET_PACKET_ROOT	6766c4f042484814548481065328ffbcffab590f	0bb2641d4c1e09505af9138d22e0cf4f9f191d36936000d72d74b68e666ce2d7	src;src/core;src/common;src/protocols	INCLUDE	src/protocols/l4/icmpv6_header.sv	e98835c141602be609da1026638ab1244518d823df9b8303d20b27d97347eeea
net_packet	APPROVED	NET_PACKET_ROOT	6766c4f042484814548481065328ffbcffab590f	0bb2641d4c1e09505af9138d22e0cf4f9f191d36936000d72d74b68e666ce2d7	src;src/core;src/common;src/protocols	INCLUDE	src/protocols/l4/igmp_header.sv	d6888d82bbd0aaf637f98caeccdf2a34f2fc619352934db215c296c72f4471bf
net_packet	APPROVED	NET_PACKET_ROOT	6766c4f042484814548481065328ffbcffab590f	0bb2641d4c1e09505af9138d22e0cf4f9f191d36936000d72d74b68e666ce2d7	src;src/core;src/common;src/protocols	INCLUDE	src/protocols/l4/sctp_header.sv	f4e4152760ab05d57d1b3d5ff6ea20b1b469ed9b365ae1d5827a167691528023
net_packet	APPROVED	NET_PACKET_ROOT	6766c4f042484814548481065328ffbcffab590f	0bb2641d4c1e09505af9138d22e0cf4f9f191d36936000d72d74b68e666ce2d7	src;src/core;src/common;src/protocols	INCLUDE	src/protocols/l4/tcp_header.sv	02591a170dd51d24bfe475402685166fca6b7620abbedbfb9c5ccc640589378e
net_packet	APPROVED	NET_PACKET_ROOT	6766c4f042484814548481065328ffbcffab590f	0bb2641d4c1e09505af9138d22e0cf4f9f191d36936000d72d74b68e666ce2d7	src;src/core;src/common;src/protocols	INCLUDE	src/protocols/l4/udp_header.sv	be220fce9a517d01b641b9d42216c2cd245a960d64d830723419c9571e74b197
net_packet	APPROVED	NET_PACKET_ROOT	6766c4f042484814548481065328ffbcffab590f	0bb2641d4c1e09505af9138d22e0cf4f9f191d36936000d72d74b68e666ce2d7	src;src/core;src/common;src/protocols	INCLUDE	src/protocols/protocol_base.sv	22c4e5d43708e63876dc0733c358a9bc03c09d95dfee2728aac186889cf95ba4
net_packet	APPROVED	NET_PACKET_ROOT	6766c4f042484814548481065328ffbcffab590f	0bb2641d4c1e09505af9138d22e0cf4f9f191d36936000d72d74b68e666ce2d7	src;src/core;src/common;src/protocols	INCLUDE	src/protocols/rdma/iwarp_header.sv	cae60f761c393fe44c621c427493135944102e7478d563e663e491d2f98c290a
net_packet	APPROVED	NET_PACKET_ROOT	6766c4f042484814548481065328ffbcffab590f	0bb2641d4c1e09505af9138d22e0cf4f9f191d36936000d72d74b68e666ce2d7	src;src/core;src/common;src/protocols	INCLUDE	src/protocols/rdma/nvme_rdma_header.sv	cb19c814e17cc4d46c3f7d7f06f70e407bc009a27141d420a57f56b596dc0ea7
net_packet	APPROVED	NET_PACKET_ROOT	6766c4f042484814548481065328ffbcffab590f	0bb2641d4c1e09505af9138d22e0cf4f9f191d36936000d72d74b68e666ce2d7	src;src/core;src/common;src/protocols	INCLUDE	src/protocols/rdma/rocev2_header.sv	740d04ce6845d44de5476a97d8900b4465158f004137bc76434e02cd106a6aa0
net_packet	APPROVED	NET_PACKET_ROOT	6766c4f042484814548481065328ffbcffab590f	0bb2641d4c1e09505af9138d22e0cf4f9f191d36936000d72d74b68e666ce2d7	src;src/core;src/common;src/protocols	INCLUDE	src/protocols/storage/iscsi_header.sv	5092cd60632c492a96978538e2103bab621c9fac28cf8f26e9ad03aab34a84f8
net_packet	APPROVED	NET_PACKET_ROOT	6766c4f042484814548481065328ffbcffab590f	0bb2641d4c1e09505af9138d22e0cf4f9f191d36936000d72d74b68e666ce2d7	src;src/core;src/common;src/protocols	INCLUDE	src/protocols/storage/nvme_tcp_header.sv	894e55e7c180bc39b8d70491ccebe493ec8b94e4a79442a514ba936a4ea9879e
net_packet	APPROVED	NET_PACKET_ROOT	6766c4f042484814548481065328ffbcffab590f	0bb2641d4c1e09505af9138d22e0cf4f9f191d36936000d72d74b68e666ce2d7	src;src/core;src/common;src/protocols	INCLUDE	src/protocols/tunnel/erspan_header.sv	d32aede0d497011bd599be3820be779ab24e17d92fa9f792356fb9fbb3a9a7a2
net_packet	APPROVED	NET_PACKET_ROOT	6766c4f042484814548481065328ffbcffab590f	0bb2641d4c1e09505af9138d22e0cf4f9f191d36936000d72d74b68e666ce2d7	src;src/core;src/common;src/protocols	INCLUDE	src/protocols/tunnel/esp_header.sv	5bcb78a53805bdc74867c1e20b4e72057f3be0cd6dfc614ae681beef088be110
net_packet	APPROVED	NET_PACKET_ROOT	6766c4f042484814548481065328ffbcffab590f	0bb2641d4c1e09505af9138d22e0cf4f9f191d36936000d72d74b68e666ce2d7	src;src/core;src/common;src/protocols	INCLUDE	src/protocols/tunnel/geneve_header.sv	5dc6c7721cb9eed47e1d81dcb0f7821c9464228cc59ac46818cf84d6274048bf
net_packet	APPROVED	NET_PACKET_ROOT	6766c4f042484814548481065328ffbcffab590f	0bb2641d4c1e09505af9138d22e0cf4f9f191d36936000d72d74b68e666ce2d7	src;src/core;src/common;src/protocols	INCLUDE	src/protocols/tunnel/gre_header.sv	3429ddfd40051e035139ed912ad7b4353ed55b8caa0b444c77fbe43b43a246f0
net_packet	APPROVED	NET_PACKET_ROOT	6766c4f042484814548481065328ffbcffab590f	0bb2641d4c1e09505af9138d22e0cf4f9f191d36936000d72d74b68e666ce2d7	src;src/core;src/common;src/protocols	INCLUDE	src/protocols/tunnel/gtp_header.sv	e3583e240cf27cf1a93a8875af8eac2f30c9e480c2bb2d843e17afcb78eb4846
net_packet	APPROVED	NET_PACKET_ROOT	6766c4f042484814548481065328ffbcffab590f	0bb2641d4c1e09505af9138d22e0cf4f9f191d36936000d72d74b68e666ce2d7	src;src/core;src/common;src/protocols	INCLUDE	src/protocols/tunnel/ip_in_ip_header.sv	52377fc5751da2774b370b4690ea9a7edc813f8e4d5d215ae503649ef8ae3fc6
net_packet	APPROVED	NET_PACKET_ROOT	6766c4f042484814548481065328ffbcffab590f	0bb2641d4c1e09505af9138d22e0cf4f9f191d36936000d72d74b68e666ce2d7	src;src/core;src/common;src/protocols	INCLUDE	src/protocols/tunnel/vxlan_gpe_header.sv	dde35feefa451b189998c43aa104d6d3e97886317d98eafe2455a76cf749a45b
net_packet	APPROVED	NET_PACKET_ROOT	6766c4f042484814548481065328ffbcffab590f	0bb2641d4c1e09505af9138d22e0cf4f9f191d36936000d72d74b68e666ce2d7	src;src/core;src/common;src/protocols	INCLUDE	src/protocols/tunnel/vxlan_header.sv	cc8abe753ad9cf4de378e6aef5e8b718ef104f3e7ed4a6a9d6effabbb3a06812
