archive_id	source_path	source_selector	source_sha256	macro_name	anchor_function	anchor_token	anchor_occurrence	anchor_container	anchor_buffer	anchor_operation	anchor_base	anchor_length	anchor_target_flow	entry_kind	opcode_or_variant	direction	ownership	capability	model_field_or_raw_slice	owning_codec	overlay_group	discriminator	oracle_case_id
rdma-driver-0.1.34	cmq.h	XTRDMA_CMQ*|XTRDMA_OP_*	67f685b23af4f1be64322e56e270546d993db95494ecba253d38afd0780b6e06	XTRDMA_CMQSQ_WQE_VALID	-	-	-	-	-	-	-	-	-	CMQ_SQE	QPC_CREATE	REQUEST	HOST_TYPED	SUPPORTED	envelope.valid	rdma_hw_cmq_request_composer	-	-	cmq_sqe_qpc_create_request
rdma-driver-0.1.34	cmq.h	XTRDMA_CMQ*|XTRDMA_OP_*	67f685b23af4f1be64322e56e270546d993db95494ecba253d38afd0780b6e06	XTRDMA_CMQSQ_VFID_OVERRIDE	-	-	-	-	-	-	-	-	-	CMQ_SQE	QPC_CREATE	REQUEST	HOST_FIXED	UNSUPPORTED	envelope.vfid_override	rdma_hw_cmq_request_composer	-	-	cmq_sqe_qpc_create_request
rdma-driver-0.1.34	cmq.h	XTRDMA_CMQ*|XTRDMA_OP_*	67f685b23af4f1be64322e56e270546d993db95494ecba253d38afd0780b6e06	XTRDMA_CMQSQ_USE_VFID	-	-	-	-	-	-	-	-	-	CMQ_SQE	QPC_CREATE	REQUEST	HOST_FIXED	UNSUPPORTED	envelope.use_vfid	rdma_hw_cmq_request_composer	-	-	cmq_sqe_qpc_create_request
rdma-driver-0.1.34	cmq.h	XTRDMA_CMQ*|XTRDMA_OP_*	67f685b23af4f1be64322e56e270546d993db95494ecba253d38afd0780b6e06	XTRDMA_CMQSQ_WQE_WRAP	-	-	-	-	-	-	-	-	-	CMQ_SQE	QPC_CREATE	REQUEST	HOST_TYPED	SUPPORTED	envelope.wrap	rdma_hw_cmq_request_composer	-	-	cmq_sqe_qpc_create_request
rdma-driver-0.1.34	cmq.h	XTRDMA_CMQ*|XTRDMA_OP_*	67f685b23af4f1be64322e56e270546d993db95494ecba253d38afd0780b6e06	XTRDMA_CMQSQ_WQE_INDEX	-	-	-	-	-	-	-	-	-	CMQ_SQE	QPC_CREATE	REQUEST	HOST_TYPED	SUPPORTED	envelope.wqe_index	rdma_hw_cmq_request_composer	-	-	cmq_sqe_qpc_create_request
rdma-driver-0.1.34	cmq.h	XTRDMA_CMQ*|XTRDMA_OP_*	67f685b23af4f1be64322e56e270546d993db95494ecba253d38afd0780b6e06	XTRDMA_CMQCQ_OPCODE	-	-	-	-	-	-	-	-	-	CMQ_SQE	QPC_CREATE	REQUEST	HOST_FIXED	UNSUPPORTED	envelope.opcode	rdma_hw_cmq_request_composer	-	-	cmq_sqe_qpc_create_request
rdma-driver-0.1.34	cmq.h	XTRDMA_CMQ*|XTRDMA_OP_*	67f685b23af4f1be64322e56e270546d993db95494ecba253d38afd0780b6e06	XTRDMA_CMQSQ_WQE_QPN	-	-	-	-	-	-	-	-	-	CMQ_SQE	QPC_CREATE	REQUEST	HOST_TYPED	SUPPORTED	body.qp_h.object_id	rdma_hw_cmq_request_composer	-	-	cmq_sqe_qpc_create_request
rdma-driver-0.1.34	cmq.h	XTRDMA_CMQ*|XTRDMA_OP_*	67f685b23af4f1be64322e56e270546d993db95494ecba253d38afd0780b6e06	XTRDMA_CMQSQ_WQE_RQ_CQN	-	-	-	-	-	-	-	-	-	CMQ_SQE	QPC_CREATE	REQUEST	HOST_TYPED	SUPPORTED	body.recv_cq_h.object_id	rdma_hw_cmq_request_composer	-	-	cmq_sqe_qpc_create_request
rdma-driver-0.1.34	cmq.h	XTRDMA_CMQ*|XTRDMA_OP_*	67f685b23af4f1be64322e56e270546d993db95494ecba253d38afd0780b6e06	XTRDMA_CMQSQ_WQE_SIGN_EN	-	-	-	-	-	-	-	-	-	CMQ_SQE	QPC_CREATE	REQUEST	HOST_FIXED	UNSUPPORTED	QPC_CREATE constant 1	rdma_hw_cmq_request_composer	-	-	cmq_sqe_qpc_create_request
rdma-driver-0.1.34	cmq.h	XTRDMA_CMQ*|XTRDMA_OP_*	67f685b23af4f1be64322e56e270546d993db95494ecba253d38afd0780b6e06	XTRDMA_CMQSQ_WQE_SIGNATURE	-	-	-	-	-	-	-	-	-	CMQ_SQE	QPC_CREATE	REQUEST	HOST_TYPED	SUPPORTED	computed signature	rdma_hw_cmq_request_composer	-	-	cmq_sqe_qpc_create_request
rdma-driver-0.1.34	cmq.h	XTRDMA_CMQ*|XTRDMA_OP_*	67f685b23af4f1be64322e56e270546d993db95494ecba253d38afd0780b6e06	XTRDMA_CMQSQ_WQE_SQ_CQN	-	-	-	-	-	-	-	-	-	CMQ_SQE	QPC_CREATE	REQUEST	HOST_TYPED	SUPPORTED	body.send_cq_h.object_id	rdma_hw_cmq_request_composer	-	-	cmq_sqe_qpc_create_request
rdma-driver-0.1.34	cmq.h	XTRDMA_CMQ*|XTRDMA_OP_*	67f685b23af4f1be64322e56e270546d993db95494ecba253d38afd0780b6e06	XTRDMA_CMQSQ_WQE_QPC_BUFFER_ADDR	-	-	-	-	-	-	-	-	-	CMQ_SQE	QPC_CREATE	REQUEST	HOST_TYPED	SUPPORTED	body.qpc_buffer.value >> 9	rdma_hw_cmq_request_composer	-	-	cmq_sqe_qpc_create_request
rdma-driver-0.1.34	cmq.h	XTRDMA_CMQ*|XTRDMA_OP_*	67f685b23af4f1be64322e56e270546d993db95494ecba253d38afd0780b6e06	XTRDMA_CMQSQ_WQE_VALID	-	-	-	-	-	-	-	-	-	CMQ_SQE	CQC_CREATE	REQUEST	HOST_TYPED	UNSUPPORTED	envelope.valid	rdma_hw_cmq_request_composer	-	-	cmq_sqe_cqc_create_request
rdma-driver-0.1.34	cmq.h	XTRDMA_CMQ*|XTRDMA_OP_*	67f685b23af4f1be64322e56e270546d993db95494ecba253d38afd0780b6e06	XTRDMA_CMQSQ_VFID_OVERRIDE	-	-	-	-	-	-	-	-	-	CMQ_SQE	CQC_CREATE	REQUEST	HOST_FIXED	UNSUPPORTED	envelope.vfid_override	rdma_hw_cmq_request_composer	-	-	cmq_sqe_cqc_create_request
rdma-driver-0.1.34	cmq.h	XTRDMA_CMQ*|XTRDMA_OP_*	67f685b23af4f1be64322e56e270546d993db95494ecba253d38afd0780b6e06	XTRDMA_CMQSQ_USE_VFID	-	-	-	-	-	-	-	-	-	CMQ_SQE	CQC_CREATE	REQUEST	HOST_FIXED	UNSUPPORTED	envelope.use_vfid	rdma_hw_cmq_request_composer	-	-	cmq_sqe_cqc_create_request
rdma-driver-0.1.34	cmq.h	XTRDMA_CMQ*|XTRDMA_OP_*	67f685b23af4f1be64322e56e270546d993db95494ecba253d38afd0780b6e06	XTRDMA_CMQSQ_WQE_WRAP	-	-	-	-	-	-	-	-	-	CMQ_SQE	CQC_CREATE	REQUEST	HOST_TYPED	UNSUPPORTED	envelope.wrap	rdma_hw_cmq_request_composer	-	-	cmq_sqe_cqc_create_request
rdma-driver-0.1.34	cmq.h	XTRDMA_CMQ*|XTRDMA_OP_*	67f685b23af4f1be64322e56e270546d993db95494ecba253d38afd0780b6e06	XTRDMA_CMQSQ_WQE_INDEX	-	-	-	-	-	-	-	-	-	CMQ_SQE	CQC_CREATE	REQUEST	HOST_TYPED	UNSUPPORTED	envelope.wqe_index	rdma_hw_cmq_request_composer	-	-	cmq_sqe_cqc_create_request
rdma-driver-0.1.34	cmq.h	XTRDMA_CMQ*|XTRDMA_OP_*	67f685b23af4f1be64322e56e270546d993db95494ecba253d38afd0780b6e06	XTRDMA_CMQCQ_OPCODE	-	-	-	-	-	-	-	-	-	CMQ_SQE	CQC_CREATE	REQUEST	HOST_FIXED	UNSUPPORTED	envelope.opcode	rdma_hw_cmq_request_composer	-	-	cmq_sqe_cqc_create_request
rdma-driver-0.1.34	cmq.h	XTRDMA_CMQ*|XTRDMA_OP_*	67f685b23af4f1be64322e56e270546d993db95494ecba253d38afd0780b6e06	XTRDMA_CMQSQ_WQE_CQC_WQE_CQN	-	-	-	-	-	-	-	-	-	CMQ_SQE	CQC_CREATE	REQUEST	HOST_TYPED	UNSUPPORTED	context.cqn	rdma_hw_cmq_request_composer	-	-	cmq_sqe_cqc_create_request
rdma-driver-0.1.34	cmq.h	XTRDMA_CMQ*|XTRDMA_OP_*	67f685b23af4f1be64322e56e270546d993db95494ecba253d38afd0780b6e06	XTRDMA_CMQSQ_WQE_VALID	-	-	-	-	-	-	-	-	-	CMQ_CQE	QPC_CREATE	RESPONSE	HW_TYPED	SUPPORTED	completion.owner	rdma_hw_cmq_completion_codec	-	-	cmq_cqe_qpc_create_response
rdma-driver-0.1.34	cmq.h	XTRDMA_CMQ*|XTRDMA_OP_*	67f685b23af4f1be64322e56e270546d993db95494ecba253d38afd0780b6e06	XTRDMA_CMQSQ_WQE_WRAP	-	-	-	-	-	-	-	-	-	CMQ_CQE	QPC_CREATE	RESPONSE	HW_TYPED	SUPPORTED	completion.wrap	rdma_hw_cmq_completion_codec	-	-	cmq_cqe_qpc_create_response
rdma-driver-0.1.34	cmq.h	XTRDMA_CMQ*|XTRDMA_OP_*	67f685b23af4f1be64322e56e270546d993db95494ecba253d38afd0780b6e06	XTRDMA_CMQSQ_WQE_INDEX	-	-	-	-	-	-	-	-	-	CMQ_CQE	QPC_CREATE	RESPONSE	HW_TYPED	SUPPORTED	completion.wqe_index	rdma_hw_cmq_completion_codec	-	-	cmq_cqe_qpc_create_response
rdma-driver-0.1.34	cmq.h	XTRDMA_CMQ*|XTRDMA_OP_*	67f685b23af4f1be64322e56e270546d993db95494ecba253d38afd0780b6e06	XTRDMA_CMQCQ_OPCODE	-	-	-	-	-	-	-	-	-	CMQ_CQE	QPC_CREATE	RESPONSE	HW_TYPED	SUPPORTED	completion.opcode	rdma_hw_cmq_completion_codec	-	-	cmq_cqe_qpc_create_response
rdma-driver-0.1.34	cmq.h	XTRDMA_CMQ*|XTRDMA_OP_*	67f685b23af4f1be64322e56e270546d993db95494ecba253d38afd0780b6e06	XTRDMA_CMQCQ_CMD_ECODE	-	-	-	-	-	-	-	-	-	CMQ_CQE	QPC_CREATE	RESPONSE	HW_TYPED	SUPPORTED	completion.command_ecode	rdma_hw_cmq_completion_codec	-	-	cmq_cqe_qpc_create_response
rdma-driver-0.1.34	cmq.h	XTRDMA_CMQ*|XTRDMA_OP_*	67f685b23af4f1be64322e56e270546d993db95494ecba253d38afd0780b6e06	XTRDMA_CMQSQ_VFID_OVERRIDE	-	-	-	-	-	-	-	-	-	CMQ_CQE	QPC_CREATE	RESPONSE	RESERVED_ZERO	UNSUPPORTED	reserved[59]	rdma_hw_cmq_completion_codec	-	-	cmq_cqe_qpc_create_response
rdma-driver-0.1.34	cmq.h	XTRDMA_CMQ*|XTRDMA_OP_*	67f685b23af4f1be64322e56e270546d993db95494ecba253d38afd0780b6e06	XTRDMA_CMQSQ_USE_VFID	-	-	-	-	-	-	-	-	-	CMQ_CQE	QPC_CREATE	RESPONSE	RESERVED_ZERO	UNSUPPORTED	reserved[58:48]	rdma_hw_cmq_completion_codec	-	-	cmq_cqe_qpc_create_response
rdma-driver-0.1.34	cmq.h	XTRDMA_CMQ*|XTRDMA_OP_*	67f685b23af4f1be64322e56e270546d993db95494ecba253d38afd0780b6e06	XTRDMA_CMQSQ_DB_PI	-	-	-	-	-	-	-	-	-	CMQ_SQ_DOORBELL	CMQ_SQ	REQUEST	HOST_TYPED	SUPPORTED	model.pi	rdma_hw_cmq_hw_profile	-	-	cmq_sq_doorbell
rdma-driver-0.1.34	cmq.h	XTRDMA_CMQ*|XTRDMA_OP_*	67f685b23af4f1be64322e56e270546d993db95494ecba253d38afd0780b6e06	XTRDMA_CMQSQ_DB_POL	-	-	-	-	-	-	-	-	-	CMQ_SQ_DOORBELL	CMQ_SQ	REQUEST	HOST_TYPED	SUPPORTED	model.polarity	rdma_hw_cmq_hw_profile	-	-	cmq_sq_doorbell
