archive_id	source_path	source_selector	source_sha256	macro_name	exclusion_reason
rdma-driver-0.1.34	cmq.h	XTRDMA_CMQ*|XTRDMA_OP_*	67f685b23af4f1be64322e56e270546d993db95494ecba253d38afd0780b6e06	XTRDMA_CMQCQ_WQE_EQN	outside the four Task 3 Phase 0 CMQ case directions
rdma-driver-0.1.34	cmq.h	XTRDMA_CMQ*|XTRDMA_OP_*	67f685b23af4f1be64322e56e270546d993db95494ecba253d38afd0780b6e06	XTRDMA_CMQCQ_WQE_IFA_INFO	outside the four Task 3 Phase 0 CMQ case directions
rdma-driver-0.1.34	cmq.h	XTRDMA_CMQ*|XTRDMA_OP_*	67f685b23af4f1be64322e56e270546d993db95494ecba253d38afd0780b6e06	XTRDMA_CMQCQ_WQE_NXT_EQ_ST	outside the four Task 3 Phase 0 CMQ case directions
rdma-driver-0.1.34	cmq.h	XTRDMA_CMQ*|XTRDMA_OP_*	67f685b23af4f1be64322e56e270546d993db95494ecba253d38afd0780b6e06	XTRDMA_CMQCQ_WQE_RETURN_OCC_IDX	outside the four Task 3 Phase 0 CMQ case directions
rdma-driver-0.1.34	cmq.h	XTRDMA_CMQ*|XTRDMA_OP_*	67f685b23af4f1be64322e56e270546d993db95494ecba253d38afd0780b6e06	XTRDMA_CMQCQ_WQE_SRFQN	outside the four Task 3 Phase 0 CMQ case directions
rdma-driver-0.1.34	cmq.h	XTRDMA_CMQ*|XTRDMA_OP_*	67f685b23af4f1be64322e56e270546d993db95494ecba253d38afd0780b6e06	XTRDMA_CMQSQ_OCC_FLUSH_CQC_FLAG	outside the four Task 3 Phase 0 CMQ case directions
rdma-driver-0.1.34	cmq.h	XTRDMA_CMQ*|XTRDMA_OP_*	67f685b23af4f1be64322e56e270546d993db95494ecba253d38afd0780b6e06	XTRDMA_CMQSQ_OCC_FLUSH_EIRQE_FLAG	outside the four Task 3 Phase 0 CMQ case directions
rdma-driver-0.1.34	cmq.h	XTRDMA_CMQ*|XTRDMA_OP_*	67f685b23af4f1be64322e56e270546d993db95494ecba253d38afd0780b6e06	XTRDMA_CMQSQ_OCC_FLUSH_MRT_FLAG	outside the four Task 3 Phase 0 CMQ case directions
rdma-driver-0.1.34	cmq.h	XTRDMA_CMQ*|XTRDMA_OP_*	67f685b23af4f1be64322e56e270546d993db95494ecba253d38afd0780b6e06	XTRDMA_CMQSQ_OCC_FLUSH_MR_SN	outside the four Task 3 Phase 0 CMQ case directions
rdma-driver-0.1.34	cmq.h	XTRDMA_CMQ*|XTRDMA_OP_*	67f685b23af4f1be64322e56e270546d993db95494ecba253d38afd0780b6e06	XTRDMA_CMQSQ_OCC_FLUSH_MR_SN_FLUSH	outside the four Task 3 Phase 0 CMQ case directions
rdma-driver-0.1.34	cmq.h	XTRDMA_CMQ*|XTRDMA_OP_*	67f685b23af4f1be64322e56e270546d993db95494ecba253d38afd0780b6e06	XTRDMA_CMQSQ_OCC_FLUSH_ORQE_FLAG	outside the four Task 3 Phase 0 CMQ case directions
rdma-driver-0.1.34	cmq.h	XTRDMA_CMQ*|XTRDMA_OP_*	67f685b23af4f1be64322e56e270546d993db95494ecba253d38afd0780b6e06	XTRDMA_CMQSQ_OCC_FLUSH_PBLE_FLAG	outside the four Task 3 Phase 0 CMQ case directions
rdma-driver-0.1.34	cmq.h	XTRDMA_CMQ*|XTRDMA_OP_*	67f685b23af4f1be64322e56e270546d993db95494ecba253d38afd0780b6e06	XTRDMA_CMQSQ_OCC_FLUSH_PD_FLAG	outside the four Task 3 Phase 0 CMQ case directions
rdma-driver-0.1.34	cmq.h	XTRDMA_CMQ*|XTRDMA_OP_*	67f685b23af4f1be64322e56e270546d993db95494ecba253d38afd0780b6e06	XTRDMA_CMQSQ_OCC_FLUSH_PD_PBA	outside the four Task 3 Phase 0 CMQ case directions
rdma-driver-0.1.34	cmq.h	XTRDMA_CMQ*|XTRDMA_OP_*	67f685b23af4f1be64322e56e270546d993db95494ecba253d38afd0780b6e06	XTRDMA_CMQSQ_OCC_FLUSH_QPC_FLAG	outside the four Task 3 Phase 0 CMQ case directions
rdma-driver-0.1.34	cmq.h	XTRDMA_CMQ*|XTRDMA_OP_*	67f685b23af4f1be64322e56e270546d993db95494ecba253d38afd0780b6e06	XTRDMA_CMQSQ_OCC_FLUSH_QPN	outside the four Task 3 Phase 0 CMQ case directions
rdma-driver-0.1.34	cmq.h	XTRDMA_CMQ*|XTRDMA_OP_*	67f685b23af4f1be64322e56e270546d993db95494ecba253d38afd0780b6e06	XTRDMA_CMQSQ_OCC_FLUSH_SGB_IRQE_FLAG	outside the four Task 3 Phase 0 CMQ case directions
rdma-driver-0.1.34	cmq.h	XTRDMA_CMQ*|XTRDMA_OP_*	67f685b23af4f1be64322e56e270546d993db95494ecba253d38afd0780b6e06	XTRDMA_CMQSQ_OCC_FLUSH_SQRQE_FLAG	outside the four Task 3 Phase 0 CMQ case directions
rdma-driver-0.1.34	cmq.h	XTRDMA_CMQ*|XTRDMA_OP_*	67f685b23af4f1be64322e56e270546d993db95494ecba253d38afd0780b6e06	XTRDMA_CMQSQ_OCC_FLUSH_UAQE_FLAG	outside the four Task 3 Phase 0 CMQ case directions
rdma-driver-0.1.34	cmq.h	XTRDMA_CMQ*|XTRDMA_OP_*	67f685b23af4f1be64322e56e270546d993db95494ecba253d38afd0780b6e06	XTRDMA_CMQSQ_OCC_FLUSH_VF_FLUSH	outside the four Task 3 Phase 0 CMQ case directions
rdma-driver-0.1.34	cmq.h	XTRDMA_CMQ*|XTRDMA_OP_*	67f685b23af4f1be64322e56e270546d993db95494ecba253d38afd0780b6e06	XTRDMA_CMQSQ_UPDATE_SRC_ADDR_IDX	outside the four Task 3 Phase 0 CMQ case directions
rdma-driver-0.1.34	cmq.h	XTRDMA_CMQ*|XTRDMA_OP_*	67f685b23af4f1be64322e56e270546d993db95494ecba253d38afd0780b6e06	XTRDMA_CMQSQ_UPDATE_SRC_ADDR_SMAC	outside the four Task 3 Phase 0 CMQ case directions
rdma-driver-0.1.34	cmq.h	XTRDMA_CMQ*|XTRDMA_OP_*	67f685b23af4f1be64322e56e270546d993db95494ecba253d38afd0780b6e06	XTRDMA_CMQSQ_UPDATE_SRC_ADDR_VLD	outside the four Task 3 Phase 0 CMQ case directions
rdma-driver-0.1.34	cmq.h	XTRDMA_CMQ*|XTRDMA_OP_*	67f685b23af4f1be64322e56e270546d993db95494ecba253d38afd0780b6e06	XTRDMA_CMQSQ_WQE_CLEAR_SIGNATURE	outside the four Task 3 Phase 0 CMQ case directions
rdma-driver-0.1.34	cmq.h	XTRDMA_CMQ*|XTRDMA_OP_*	67f685b23af4f1be64322e56e270546d993db95494ecba253d38afd0780b6e06	XTRDMA_CMQSQ_WQE_CQC_WQE_NXT_CQ_ST	outside the four Task 3 Phase 0 CMQ case directions
rdma-driver-0.1.34	cmq.h	XTRDMA_CMQ*|XTRDMA_OP_*	67f685b23af4f1be64322e56e270546d993db95494ecba253d38afd0780b6e06	XTRDMA_CMQSQ_WQE_CQC_WQE_URC_FLAG	outside the four Task 3 Phase 0 CMQ case directions
rdma-driver-0.1.34	cmq.h	XTRDMA_CMQ*|XTRDMA_OP_*	67f685b23af4f1be64322e56e270546d993db95494ecba253d38afd0780b6e06	XTRDMA_CMQSQ_WQE_CQC_WQE_URC_RQ_CEQE_VLD	outside the four Task 3 Phase 0 CMQ case directions
rdma-driver-0.1.34	cmq.h	XTRDMA_CMQ*|XTRDMA_OP_*	67f685b23af4f1be64322e56e270546d993db95494ecba253d38afd0780b6e06	XTRDMA_CMQSQ_WQE_CQC_WQE_URC_RQ_SIZE	outside the four Task 3 Phase 0 CMQ case directions
rdma-driver-0.1.34	cmq.h	XTRDMA_CMQ*|XTRDMA_OP_*	67f685b23af4f1be64322e56e270546d993db95494ecba253d38afd0780b6e06	XTRDMA_CMQSQ_WQE_CQC_WQE_URC_SQ_CEQE_VLD	outside the four Task 3 Phase 0 CMQ case directions
rdma-driver-0.1.34	cmq.h	XTRDMA_CMQ*|XTRDMA_OP_*	67f685b23af4f1be64322e56e270546d993db95494ecba253d38afd0780b6e06	XTRDMA_CMQSQ_WQE_CQC_WQE_URC_SQ_SIZE	outside the four Task 3 Phase 0 CMQ case directions
rdma-driver-0.1.34	cmq.h	XTRDMA_CMQ*|XTRDMA_OP_*	67f685b23af4f1be64322e56e270546d993db95494ecba253d38afd0780b6e06	XTRDMA_CMQSQ_WQE_DB_TYPE	outside the four Task 3 Phase 0 CMQ case directions
rdma-driver-0.1.34	cmq.h	XTRDMA_CMQ*|XTRDMA_OP_*	67f685b23af4f1be64322e56e270546d993db95494ecba253d38afd0780b6e06	XTRDMA_CMQSQ_WQE_FLUSH_QPN	outside the four Task 3 Phase 0 CMQ case directions
rdma-driver-0.1.34	cmq.h	XTRDMA_CMQ*|XTRDMA_OP_*	67f685b23af4f1be64322e56e270546d993db95494ecba253d38afd0780b6e06	XTRDMA_CMQSQ_WQE_IFA_OBJ_TYPE	outside the four Task 3 Phase 0 CMQ case directions
rdma-driver-0.1.34	cmq.h	XTRDMA_CMQ*|XTRDMA_OP_*	67f685b23af4f1be64322e56e270546d993db95494ecba253d38afd0780b6e06	XTRDMA_CMQSQ_WQE_MODIFY_DATA	outside the four Task 3 Phase 0 CMQ case directions
rdma-driver-0.1.34	cmq.h	XTRDMA_CMQ*|XTRDMA_OP_*	67f685b23af4f1be64322e56e270546d993db95494ecba253d38afd0780b6e06	XTRDMA_CMQSQ_WQE_MODIFY_MODE	outside the four Task 3 Phase 0 CMQ case directions
rdma-driver-0.1.34	cmq.h	XTRDMA_CMQ*|XTRDMA_OP_*	67f685b23af4f1be64322e56e270546d993db95494ecba253d38afd0780b6e06	XTRDMA_CMQSQ_WQE_MODIFY_START_QWORD0	outside the four Task 3 Phase 0 CMQ case directions
rdma-driver-0.1.34	cmq.h	XTRDMA_CMQ*|XTRDMA_OP_*	67f685b23af4f1be64322e56e270546d993db95494ecba253d38afd0780b6e06	XTRDMA_CMQSQ_WQE_MODIFY_START_QWORD1	outside the four Task 3 Phase 0 CMQ case directions
rdma-driver-0.1.34	cmq.h	XTRDMA_CMQ*|XTRDMA_OP_*	67f685b23af4f1be64322e56e270546d993db95494ecba253d38afd0780b6e06	XTRDMA_CMQSQ_WQE_MODIFY_START_QWORD2	outside the four Task 3 Phase 0 CMQ case directions
rdma-driver-0.1.34	cmq.h	XTRDMA_CMQ*|XTRDMA_OP_*	67f685b23af4f1be64322e56e270546d993db95494ecba253d38afd0780b6e06	XTRDMA_CMQSQ_WQE_MODIFY_START_QWORD3	outside the four Task 3 Phase 0 CMQ case directions
rdma-driver-0.1.34	cmq.h	XTRDMA_CMQ*|XTRDMA_OP_*	67f685b23af4f1be64322e56e270546d993db95494ecba253d38afd0780b6e06	XTRDMA_CMQSQ_WQE_MODIFY_WBE0	outside the four Task 3 Phase 0 CMQ case directions
rdma-driver-0.1.34	cmq.h	XTRDMA_CMQ*|XTRDMA_OP_*	67f685b23af4f1be64322e56e270546d993db95494ecba253d38afd0780b6e06	XTRDMA_CMQSQ_WQE_MODIFY_WBE1	outside the four Task 3 Phase 0 CMQ case directions
rdma-driver-0.1.34	cmq.h	XTRDMA_CMQ*|XTRDMA_OP_*	67f685b23af4f1be64322e56e270546d993db95494ecba253d38afd0780b6e06	XTRDMA_CMQSQ_WQE_MODIFY_WBE2	outside the four Task 3 Phase 0 CMQ case directions
rdma-driver-0.1.34	cmq.h	XTRDMA_CMQ*|XTRDMA_OP_*	67f685b23af4f1be64322e56e270546d993db95494ecba253d38afd0780b6e06	XTRDMA_CMQSQ_WQE_MODIFY_WBE3	outside the four Task 3 Phase 0 CMQ case directions
rdma-driver-0.1.34	cmq.h	XTRDMA_CMQ*|XTRDMA_OP_*	67f685b23af4f1be64322e56e270546d993db95494ecba253d38afd0780b6e06	XTRDMA_CMQSQ_WQE_NXT_QP_ST	outside the four Task 3 Phase 0 CMQ case directions
rdma-driver-0.1.34	cmq.h	XTRDMA_CMQ*|XTRDMA_OP_*	67f685b23af4f1be64322e56e270546d993db95494ecba253d38afd0780b6e06	XTRDMA_CMQSQ_WQE_OCC_BUF_ADDR	outside the four Task 3 Phase 0 CMQ case directions
rdma-driver-0.1.34	cmq.h	XTRDMA_CMQ*|XTRDMA_OP_*	67f685b23af4f1be64322e56e270546d993db95494ecba253d38afd0780b6e06	XTRDMA_CMQSQ_WQE_OCC_KEY	outside the four Task 3 Phase 0 CMQ case directions
rdma-driver-0.1.34	cmq.h	XTRDMA_CMQ*|XTRDMA_OP_*	67f685b23af4f1be64322e56e270546d993db95494ecba253d38afd0780b6e06	XTRDMA_CMQSQ_WQE_OCC_NUM	outside the four Task 3 Phase 0 CMQ case directions
rdma-driver-0.1.34	cmq.h	XTRDMA_CMQ*|XTRDMA_OP_*	67f685b23af4f1be64322e56e270546d993db95494ecba253d38afd0780b6e06	XTRDMA_CMQSQ_WQE_OCC_START_IDX	outside the four Task 3 Phase 0 CMQ case directions
rdma-driver-0.1.34	cmq.h	XTRDMA_CMQ*|XTRDMA_OP_*	67f685b23af4f1be64322e56e270546d993db95494ecba253d38afd0780b6e06	XTRDMA_CMQSQ_WQE_PORT_OR_STAT_ID	outside the four Task 3 Phase 0 CMQ case directions
rdma-driver-0.1.34	cmq.h	XTRDMA_CMQ*|XTRDMA_OP_*	67f685b23af4f1be64322e56e270546d993db95494ecba253d38afd0780b6e06	XTRDMA_CMQSQ_WQE_QUERY_TYPE	outside the four Task 3 Phase 0 CMQ case directions
rdma-driver-0.1.34	cmq.h	XTRDMA_CMQ*|XTRDMA_OP_*	67f685b23af4f1be64322e56e270546d993db95494ecba253d38afd0780b6e06	XTRDMA_CMQSQ_WQE_STATA_BUF_ADDR	outside the four Task 3 Phase 0 CMQ case directions
rdma-driver-0.1.34	cmq.h	XTRDMA_CMQ*|XTRDMA_OP_*	67f685b23af4f1be64322e56e270546d993db95494ecba253d38afd0780b6e06	XTRDMA_CMQSQ_WQE_WBE_TPL_NUM	outside the four Task 3 Phase 0 CMQ case directions
rdma-driver-0.1.34	cmq.h	XTRDMA_CMQ*|XTRDMA_OP_*	67f685b23af4f1be64322e56e270546d993db95494ecba253d38afd0780b6e06	XTRDMA_CMQ_CI_0	outside the four Task 3 Phase 0 CMQ case directions
rdma-driver-0.1.34	cmq.h	XTRDMA_CMQ*|XTRDMA_OP_*	67f685b23af4f1be64322e56e270546d993db95494ecba253d38afd0780b6e06	XTRDMA_CMQ_MSI_X_IDX_0	outside the four Task 3 Phase 0 CMQ case directions
rdma-driver-0.1.34	cmq.h	XTRDMA_CMQ*|XTRDMA_OP_*	67f685b23af4f1be64322e56e270546d993db95494ecba253d38afd0780b6e06	XTRDMA_CMQ_PI_0	outside the four Task 3 Phase 0 CMQ case directions
